"","species","lwa_m","lwa_sd","lwb_m","lwb_sd"
"1","Istigobius decoratus",0.00912,0.0030969387755102,2.91,0.0714285714285713
"2","Gobiodon micropus",0.00955,0.00821938775510204,3.03,0.11734693877551
"3","Chlidichthys chagosensis",0.00447,0.00357142857142857,3.1,0.11734693877551
"4","Apogon campbelli",0.01,0.0158520408163265,3.04,0.11734693877551
"5","Eviota prasina",0.00776,0.0039030612244898,3.05,0.0867346938775512
"6","Eviota distigma",0.00794,0.0039234693877551,3.07,0.0816326530612246
"7","Fowleria vaiulae",0.01445,0.00829591836734694,3.07,0.0918367346938776
"8","Pleurosicya labiata",0.00724,0.00419387755102041,3.1,0.0918367346938774
"9","Eviota zebrina",0.00692,0.00505612244897959,3.1,0.0918367346938774
"10","Eviota sebreei",0.00692,0.00505612244897959,3.1,0.0918367346938774
"11","Asterropteryx ensifera",0.00724,0.00419387755102041,3.1,0.0918367346938774
"12","Callogobius sclateri",0.00724,0.00419387755102041,3.1,0.0918367346938774
"13","Gobiodon rivulatus",0.01995,0.0122448979591837,3.01,0.0918367346938776
"14","Pristiapogon abrogramma",0.0055,0.00410714285714286,3.27,0.107142857142857
"15","Callogobius flavobrunneus",0.01023,0.00597448979591837,3.01,0.0918367346938776
"16","Fusigobius neophytus",0.01023,0.00597448979591837,3.01,0.0918367346938776
"17","Eviota infulata",0.01023,0.00597448979591837,3.01,0.0918367346938776
"18","Priolepis cincta",0.00851,0.00302040816326531,3.04,0.0714285714285715
"19","Vanderhorstia ornatissima",0.00724,0.00419387755102041,3.1,0.0918367346938774
"20","Eviota guttata",0.00794,0.00395918367346939,3.06,0.0816326530612246
"21","Pleurosicya mossambica",0.00724,0.00419387755102041,3.1,0.0918367346938774
"22","Amblygobius phalaena",0.00794,0.00239795918367347,3.04,0.0663265306122448
"23","Gnatholepis cauerensis",0.00977,0.006,3.04,0.0969387755102041
"24","Feia nympha",0.00724,0.00419387755102041,3.1,0.0918367346938774
"25","Eviota springeri",0.01023,0.00597448979591837,3.01,0.0918367346938776
"26","Fowleria marmorata",0.01995,0.0122448979591837,3.01,0.0918367346938776
"27","Amblygobius albimaculatus",0.01023,0.00597448979591837,3.01,0.0918367346938776
"28","Ecsenius nalolo",0.00603,0.00313775510204082,2.9,0.086734693877551
"29","Helcogramma fuscopinna",0.00617,0.0035969387755102,3.04,0.0918367346938776
"30","Enneapterygius abeli",0.00794,0.00524489795918367,3.08,0.10204081632653
"31","Priolepis compita",0.01023,0.00597448979591837,3.01,0.0918367346938776
"32","Eviota nebulosa",0.00692,0.00505612244897959,3.1,0.0918367346938774
"33","Cabillus tongarevae",0.00724,0.00419387755102041,3.1,0.0918367346938774
"34","Apogon indicus",0.01445,0.00829591836734694,3.07,0.0918367346938776
"35","Paragobiodon echinocephalus",0.01995,0.0122448979591837,3.01,0.0918367346938776
"36","Trimmatom eviotops",0.00724,0.00419387755102041,3.1,0.0918367346938774
"37","Phyllogobius platycephalops",0.00724,0.00419387755102041,3.1,0.0918367346938774
"38","Eviota notata",0.01023,0.00597448979591837,3.01,0.0918367346938776
"39","Apogon coccineus",0.00933,0.00444387755102041,3.03,0.0816326530612246
"40","Trimma haima",0.01023,0.00597448979591837,3.01,0.0918367346938776
"41","Glyptoparus delicatulus",0.00776,0.00468877551020408,3,0.0969387755102041
"42","Paragobiodon xanthosoma",0.01995,0.0122448979591837,3.01,0.0918367346938776
"43","Barbuligobius boehlkei",0.01023,0.00597448979591837,3.01,0.0918367346938776
"44","Nectamia savayensis",0.01445,0.00829591836734694,3.07,0.0918367346938776
"45","Pseudamia amblyuroptera",0.00389,0.00231122448979592,3.12,0.0918367346938774
"46","Valenciennea sexguttata",0.01023,0.00597448979591837,3.01,0.0918367346938776
"47","Koumansetta hectori",0.00724,0.00419387755102041,3.1,0.0918367346938774
"48","Cheilodipterus quinquelineatus",0.00977,0.00295408163265306,3.06,0.0663265306122448
"49","Trimma naudei",0.01023,0.00597448979591837,3.01,0.0918367346938776
"50","Apogon crassiceps",0.01445,0.00829591836734694,3.07,0.0918367346938776
"51","Siphamia mossambica",0.01445,0.00829591836734694,3.07,0.0918367346938776
"52","Apogon semiornatus",0.01445,0.00829591836734694,3.07,0.0918367346938776
"53","Doryrhamphus excisus",0.00126,0.000596938775510204,3.09,0.0918367346938776
"54","Ostorhinchus angustatus",0.0138,0.00585204081632653,3.07,0.0816326530612246
"55","Cirripectes filamentosus",0.00776,0.00468877551020408,3,0.0969387755102041
"56","Trimmatom pharus",0.00724,0.00419387755102041,3.1,0.0918367346938774
