Sample_ID,Atoll,Island
Poop 01,Salomon,Ile Anglaise
Poop 02,Salomon,Ile Anglaise
Poop 03,Salomon,Ile Anglaise
Poop 04,Salomon,Ile Anglaise
Poop 05,Salomon,Ile Anglaise
Poop 07,Salomon,Ile Anglaise
Poop 08,Salomon,Ile Anglaise
Poop 09,Salomon,Ile Anglaise
Poop 10,Salomon,Ile Anglaise
Poop 11,Salomon,Ile Anglaise
Poop 13,Salomon,Passe
Poop 14,Salomon,Passe
Poop 15,Salomon,Passe
Poop 16,Salomon,Passe
Poop 17,Salomon,Passe
Poop 18,Salomon,Passe
Poop 19,Salomon,Passe
Poop 20,Salomon,Passe
Poop 21,Salomon,Passe
Poop 22,Salomon,Passe
Poop 23,Salomon,Passe
Poop 24,Peros Banhos,Ile Anglaise
Poop 25,Peros Banhos,Ile Anglaise
Poop 26,Peros Banhos,Ile Anglaise
Poop 27,Peros Banhos,Ile Anglaise
Poop 28,Peros Banhos,Ile Yeye
Poop 30,Peros Banhos,Ile Yeye
Poop 32,Peros Banhos,Ile Yeye
Poop 33,Peros Banhos,Ile Yeye
Poop 34,Great Chagos Bank,Eagle Island
Poop 35,Peros Banhos,Grande Ile Coquillage
Poop 36,Peros Banhos,Grande Ile Coquillage
Poop 37,Peros Banhos,Grande Ile Coquillage
Poop 38,Peros Banhos,Grande Ile Coquillage
Poop 39,Peros Banhos,Grande Ile Coquillage
Poop 41,Peros Banhos,Grande Ile Coquillage
Poop 40,Peros Banhos,Grande Ile Coquillage
Poop 42,Peros Banhos,Grande Ile Coquillage
Poop 43,Peros Banhos,Grande Ile Coquillage
Poop 44,Peros Banhos,Grande Ile Coquillage
Poop 45,Great Chagos Bank,Middle Brother
Poop 46,Great Chagos Bank,Middle Brother
Poop 47,Great Chagos Bank,Middle Brother
Poop 48,Great Chagos Bank,Middle Brother
Poop 49,Great Chagos Bank,Middle Brother
Poop 50,Great Chagos Bank,Middle Brother
Poop 51,Great Chagos Bank,Middle Brother
Poop 52,Great Chagos Bank,Eagle Island
Poop 53,Great Chagos Bank,Eagle Island
Poop 54,Great Chagos Bank,Eagle Island
Poop 55,Great Chagos Bank,Eagle Island
Poop 56,Great Chagos Bank,Eagle Island
F75 CH-C-Tri 01,Salomon,Ile Anglaise
F76 CH-C-Tri 02,Salomon,Ile Anglaise
F77 CH-C-Tri 03,Salomon,Ile Anglaise
F78 CH-C-Tri 04,Salomon,Ile Anglaise
F79 CH-C-Tri 05,Salomon,Ile Anglaise
F80 CH-C-Tri 06,Salomon,Ile Anglaise
F81 CH-C-Tri 07,Salomon,Ile Anglaise
F82 CH-C-Tri 08,Salomon,Ile Anglaise
F83 CH-C-Tri 09,Salomon,Ile Anglaise
F84 CH-C-Tri 10,Salomon,Ile Anglaise
F85 CH-C-Tri 11,Salomon,Ile Anglaise
F86 CH-C-Tri 12,Salomon,Ile Anglaise
F87 CH-C-Tri 13,Salomon,Passe
F88 CH-C-Tri 14,Salomon,Passe
F89 CH-C-Tri 15,Salomon,Passe
F90 CH-C-Tri 16,Salomon,Passe
F91 CH-C-Tri 17,Salomon,Passe
F92 CH-C-Tri 18,Salomon,Passe
F93 CH-C-Tri 19,Salomon,Passe
F94 CH-C-Tri 20,Salomon,Passe
F95 CH-C-Tri 21,Salomon,Passe
F96 CH-C-Tri 22,Salomon,Passe
F97 CH-C-Tri 23,Salomon,Passe
F98 CH-C-Tri 24,Peros Banhos,Ile Anglaise
F99 CH-C-Tri 25,Peros Banhos,Ile Anglaise
F100 CH-C-Tri 26,Peros Banhos,Ile Anglaise
F101 CH-C-Tri 27,Peros Banhos,Ile Anglaise
F102 CH-C-Tri 28,Peros Banhos,Ile Yeye
F103 CH-C-Tri 29,Peros Banhos,Ile Yeye
F104 CH-C-Tri 30,Peros Banhos,Ile Yeye
F106 CH-C-Tri 31,Peros Banhos,Ile Yeye
F107 CH-C-Tri 32,Peros Banhos,Ile Yeye
F108 CH-C-Tri 33,Peros Banhos,Ile Yeye
F109 CH-C-Tri 34,Great Chagos Bank,Eagle Island
F110 CH-C-Tri 35,Peros Banhos,Grande Ile Coquillage
F111 CH-C-Tri 36,Peros Banhos,Grande Ile Coquillage
F112 CH-C-Tri 37,Peros Banhos,Grande Ile Coquillage
F113 CH-C-Tri 38,Peros Banhos,Grande Ile Coquillage
F114 CH-C-Tri 39,Peros Banhos,Grande Ile Coquillage
F115 CH-C-Tri 40,Peros Banhos,Grande Ile Coquillage
F116 CH-C-Tri 41,Peros Banhos,Grande Ile Coquillage
F117 CH-C-Tri 42,Peros Banhos,Grande Ile Coquillage
F118 CH-C-Tri 43,Peros Banhos,Grande Ile Coquillage
F119 CH-C-Tri 44,Peros Banhos,Grande Ile Coquillage
F120 CH-C-Tri 45,Great Chagos Bank,Middle Brother
F121 CH-C-Tri 46,Great Chagos Bank,Middle Brother
F122 CH-C-Tri 47,Great Chagos Bank,Middle Brother
F123 CH-C-Tri 48,Great Chagos Bank,Middle Brother
F124 CH-C-Tri 49,Great Chagos Bank,Middle Brother
F125 CH-C-Tri 50,Great Chagos Bank,Middle Brother
F126 CH-C-Tri 51,Great Chagos Bank,Middle Brother
F127 CH-C-Tri 52,Great Chagos Bank,Eagle Island
F128 CH-C-Tri 53,Great Chagos Bank,Eagle Island
F129 CH-C-Tri 54,Great Chagos Bank,Eagle Island
F130 CH-C-Tri 55,Great Chagos Bank,Eagle Island
F131 CH-C-Tri 56,Great Chagos Bank,Eagle Island
