ID,Taxon,Year,Weight_N,N15,PercentN,Weight_C,C13,PercentC
s001,Inv,2023,0.449,7.5,0.072,0.5035,-13.2,0.323
s002,Inv,2023,0.393,10.3,0.112,0.347,-14.8,0.395
s151,Fish,2023,0.5395,13.4,0.11,0.5395,-14.9,0.379
s152,Fish,2023,0.5355,13.3,0.125,0.5355,-15.4,0.429
s068,Fish,2023,0.5805,13.1,0.111,0.5805,-14.9,0.384
s003,Inv,2023,0.2085,7,0.105,0.158,-20.2,0.407
s063,Fish,2023,0.586,12.7,0.133,0.586,-15.7,0.455
s064,Fish,2023,0.5485,12.5,0.137,0.5485,-16,0.455
s087,Fish,2023,0.526,12.5,0.085,0.526,-15.3,0.284
s091,Fish,2023,0.5085,12.5,0.132,0.5085,-15.8,0.442
s122,Fish,2023,0.549,12.5,0.133,0.549,-14.9,0.439
s066,Fish,2023,0.5395,12.4,0.089,0.5395,-14.8,0.298
s067,Fish,2023,0.595,12.4,0.103,0.595,-14.5,0.332
s120,Fish,2023,0.5925,12.4,0.132,0.5925,-15.1,0.459
s263,Fish,2023,0.5875,12.4,0.14,0.5875,-17.3,0.495
s076,Fish,2023,0.583,12.3,0.14,0.583,-15.6,0.477
s121,Fish,2023,0.508,12.3,0.116,0.508,-15.4,0.402
s240,Fish,2023,0.505,12.3,0.139,0.505,-16.6,0.459
s260,Fish,2023,0.562,12.3,0.133,0.562,-17.3,0.469
s270,Fish,2023,0.5545,12.3,0.121,0.5545,-16.9,0.449
s149,Fish,2023,0.5275,12.2,0.131,0.5275,-14.7,0.451
s244,Fish,2023,0.5215,12.2,0.108,0.5215,-15.7,0.36
s267,Fish,2023,0.524,12.2,0.096,0.524,-16.5,0.339
s054,Fish,2023,0.5775,12.1,0.088,0.5775,-12.1,0.303
s189,Fish,2023,0.5305,12.1,0.11,0.5305,-16.6,0.385
s202,Fish,2023,0.5625,12.1,0.145,0.5625,-16,0.484
s233,Fish,2023,0.5845,12.1,0.121,0.5845,-12.1,0.414
s289,Fish,2023,0.5165,12.1,0.128,0.5165,-17.2,0.473
s034,Fish,2023,0.5375,12,0.12,0.5375,-13.7,0.398
s077,Fish,2023,0.5015,12,0.108,0.5015,-11.3,0.362
s078,Fish,2023,0.5405,12,0.128,0.5405,-11.7,0.426
s129,Fish,2023,0.5045,12,0.112,0.5045,-14.6,0.361
s261,Fish,2023,0.535,12,0.128,0.535,-16.9,0.45
s262,Fish,2023,0.5855,12,0.13,0.5855,-18.1,0.451
s004,Inv,2023,0.5215,9.3,0.077,0.6295,-16.8,0.338
s135,Fish,2023,0.596,11.9,0.098,0.596,-14.7,0.329
s154,Fish,2023,0.5065,11.9,0.101,0.5065,-15,0.371
s156,Fish,2023,0.572,11.9,0.125,0.572,-15.6,0.474
s223,Fish,2023,0.53,11.9,0.118,0.53,-11.5,0.418
s241,Fish,2023,0.5295,11.9,0.14,0.5295,-18,0.511
s242,Fish,2023,0.5175,11.9,0.142,0.5175,-17.2,0.489
s005,Inv,2023,0.5525,8.1,0.081,0.508,-13.4,0.19
s006,Inv,2023,0.5675,8.4,0.059,0.489,-15.5,0.273
s007,Inv,2023,0.595,6.3,0.021,0.5835,-16.5,0.184
s065,Fish,2023,0.5135,11.8,0.07,0.5135,-14.3,0.24
s099,Fish,2023,0.53,11.8,0.11,0.53,-14.5,0.389
s130,Fish,2023,0.5805,11.8,0.121,0.5805,-13.4,0.413
s218,Fish,2023,0.506,11.8,0.135,0.506,-18,0.454
s224,Fish,2023,0.5285,11.8,0.104,0.5285,-11.6,0.359
s243,Fish,2023,0.501,11.8,0.112,0.501,-17.1,0.385
s277,Fish,2023,0.526,11.8,0.083,0.526,-15.5,0.311
s286,Fish,2023,0.5085,11.8,0.111,0.5085,-16.1,0.404
s287,Fish,2023,0.5425,11.8,0.095,0.5425,-16.2,0.332
s299,Fish,2023,0.5795,11.8,0.088,0.5795,-16.1,0.302
s132,Fish,2023,0.5455,11.7,0.109,0.5455,-16.5,0.363
s134,Fish,2023,0.5855,11.7,0.13,0.5855,-13.6,0.446
s188,Fish,2023,0.5175,11.7,0.117,0.5175,-16.8,0.405
s208,Fish,2023,0.512,11.7,0.1,0.512,-13,0.353
s209,Fish,2023,0.554,11.7,0.115,0.554,-13.2,0.401
s227,Fish,2023,0.5415,11.7,0.117,0.5415,-12.5,0.415
s248,Fish,2023,0.517,11.7,0.107,0.517,-17.5,0.371
s271,Fish,2023,0.5035,11.7,0.112,0.5035,-16.6,0.4
s273,Fish,2023,0.523,11.7,0.106,0.523,-16.7,0.369
s026,Fish,2023,0.6085,11.7,0.121,0.6085,-11.3,0.417
s219,Fish,2023,0.5895,11.6,0.114,0.5895,-17.5,0.374
s259,Fish,2023,0.5135,11.6,0.089,0.5135,-17,0.318
s008,Inv,2023,0.5385,6.6,0.031,0.5195,-14.8,0.094
s009,Inv,2023,0.546,7.4,0.033,0.584,-17.4,0.137
s006,Fish,2023,0.582,11.5,0.106,0.582,-13.1,0.365
s032,Fish,2023,0.5415,11.5,0.098,0.5415,-14.3,0.35
s088,Fish,2023,0.526,11.5,0.107,0.526,-16.5,0.357
s092,Fish,2023,0.6005,11.5,0.098,0.6005,-13.5,0.314
s206,Fish,2023,0.5135,11.5,0.111,0.5135,-14.3,0.394
s226,Fish,2023,0.5045,11.5,0.111,0.5045,-18.1,0.393
s255,Fish,2023,0.5255,11.5,0.098,0.5255,-11.9,0.344
s256,Fish,2023,0.553,11.5,0.113,0.553,-13.9,0.402
s010,Inv,2023,0.5255,7,0.037,0.5655,-15.2,0.178
s011,Inv,2023,0.5,5.6,0.034,0.576,-18,0.125
s017,Fish,2023,0.502,11.4,0.125,0.502,-12.4,0.429
s035,Fish,2023,0.525,11.4,0.114,0.525,-10.2,0.381
s071,Fish,2023,0.5985,11.4,0.099,0.5985,-14.7,0.329
s098,Fish,2023,0.6,11.4,0.115,0.6,-16.6,0.393
s111,Fish,2023,0.544,11.4,0.116,0.544,-15.9,0.408
s112,Fish,2023,0.555,11.4,0.117,0.555,-15.4,0.415
s160,Fish,2023,0.618,11.4,0.128,0.618,-17.1,0.47
s217,Fish,2023,0.517,11.4,0.089,0.517,-17.1,0.301
s229,Fish,2023,0.5835,11.4,0.106,0.5835,-12.5,0.368
s282,Fish,2023,0.5815,11.4,0.129,0.5815,-16.7,0.457
s012,Inv,2023,0.5125,8.8,0.015,0.6155,-21.5,0.087
s013,Inv,2023,0.62,9.5,0.013,0.651,-18.4,0.271
s069,Fish,2023,0.555,11.3,0.112,0.555,-14.4,0.371
s238,Fish,2023,0.548,11.3,0.124,0.548,-17.4,0.445
s014,Inv,2023,0.521,,,0.5385,-15.5,0.185
s015,Inv,2023,0.6475,9.6,0.011,0.585,-16.7,0.21
s100,Fish,2023,0.4815,11.2,0.113,0.4815,-16.2,0.383
s108,Fish,2023,0.5985,11.2,0.122,0.5985,-16.3,0.419
s131,Fish,2023,0.561,11.2,0.108,0.561,-13.7,0.371
s155,Fish,2023,0.5885,11.2,0.113,0.5885,-15.5,0.422
s196,Fish,2023,0.548,11.2,0.11,0.548,-17.1,0.382
s302,Fish,2023,0.5155,11.2,0.119,0.5155,-18,0.419
s203,Fish,2023,0.5025,11.2,0.125,0.5025,-17.6,0.429
s222,Fish,2023,0.5,11.2,0.118,0.5,-17.7,0.415
s279,Fish,2023,0.5795,11.2,0.1,0.5795,-13.6,0.36
s144,Fish,2023,0.515,11.2,0.131,0.515,-16.2,0.444
s016,Inv,2023,0.5915,9.2,0.012,0.644,-17,0.216
s017,Inv,2023,0.556,9.2,0.012,0.5415,-19.6,0.263
s018,Inv,2023,0.259,7.7,0.116,0.3745,-18.7,0.43
s001,Fish,2023,0.86,11.1,0.107,0.86,-14.5,0.341
s016,Fish,2023,0.574,11.1,0.106,0.574,-12.9,0.357
s140,Fish,2023,0.5105,11.1,0.12,0.5105,-17.5,0.406
s211,Fish,2023,0.4495,11.1,0.126,0.4495,-17.9,0.446
s228,Fish,2023,0.5645,11.1,0.11,0.5645,-13.2,0.399
s246,Fish,2023,0.533,11.1,0.1,0.533,-17.6,0.338
s247,Fish,2023,0.5295,11.1,0.107,0.5295,-17.3,0.37
s268,Fish,2023,0.5175,11.1,0.101,0.5175,-17.5,0.365
s291,Fish,2023,0.545,11.1,0.111,0.545,-17.3,0.399
s294,Fish,2023,0.5065,11.1,0.112,0.5065,-16,0.385
s019,Inv,2023,0.5835,9,0.089,0.5585,-12.8,0.375
s020,Inv,2023,0.2075,8.8,0.118,0.216,-16.7,0.411
s021,Inv,2023,0.615,6.5,0.045,0.614,-15.6,0.165
s022,Inv,2023,0.5245,3.9,0.026,0.6085,-11.3,0.11
s023,Inv,2023,0.5985,8.3,0.032,0.6785,-14.3,0.148
s004,Fish,2023,0.538,11,0.111,0.538,-13.6,0.366
s019,Fish,2023,0.5585,11,0.112,0.5585,-14.2,0.384
s053,Fish,2023,0.5785,11,0.128,0.5785,-18,0.411
s113,Fish,2023,0.573,11,0.117,0.573,-17.5,0.413
s137,Fish,2023,0.5605,11,0.117,0.5605,-17.7,0.392
s139,Fish,2023,0.5335,11,0.112,0.5335,-15.7,0.371
s210,Fish,2023,0.452,11,0.128,0.452,-16.9,0.445
s235,Fish,2023,0.512,11,0.132,0.512,-19.8,0.459
s283,Fish,2023,0.555,11,0.125,0.555,-16.8,0.43
s285,Fish,2023,0.53,11,0.116,0.53,-18.8,0.441
s295,Fish,2023,0.521,11,0.111,0.521,-15.5,0.383
s015,Fish,2023,0.32,11,0.115,0.32,-18.3,0.422
s089,Fish,2023,0.662,11,0.126,0.662,-17.7,0.428
s024,Inv,2023,0.6675,9.8,0.035,0.5915,-14.4,0.143
s025,Inv,2023,0.589,5.9,0.027,0.5155,-10.1,0.171
s026,Inv,2023,0.6335,7.8,0.046,0.653,-13.2,0.214
s027,Inv,2023,0.516,6.4,0.035,0.585,-12.2,0.197
s028,Inv,2023,0.611,5.4,0.032,0.609,-10.9,0.178
s094,Fish,2023,0.552,10.9,0.112,0.552,-17,0.374
s109,Fish,2023,0.539,10.9,0.121,0.539,-17.4,0.417
s110,Fish,2023,0.541,10.9,0.112,0.541,-15.5,0.38
s138,Fish,2023,0.6105,10.9,0.112,0.6105,-15.1,0.386
s153,Fish,2023,0.548,10.9,0.103,0.548,-15.1,0.362
s236,Fish,2023,0.4705,10.9,0.129,0.4705,-19.8,0.457
s245,Fish,2023,0.505,10.9,0.124,0.505,-17.7,0.441
s290,Fish,2023,0.5035,10.9,0.073,0.5035,-17.7,0.269
s293,Fish,2023,0.592,10.9,0.12,0.592,-19.2,0.445
s167,Fish,2023,0.5875,10.9,0.126,0.5875,-15.2,0.423
s029,Inv,2023,0.221,7.8,0.048,0.12,-17.9,0.257
s030,Inv,2023,0.68,8.4,0.063,0.529,-13.6,0.184
s031,Inv,2023,0.524,8.8,0.088,0.5335,-13.5,0.384
s002,Fish,2023,0.801,10.8,0.113,0.801,-14.9,0.368
s018,Fish,2023,0.529,10.8,0.124,0.529,-13.3,0.425
s033,Fish,2023,0.542,10.8,0.106,0.542,-14,0.356
s036,Fish,2023,0.571,10.8,0.099,0.571,-10.8,0.334
s075,Fish,2023,0.3225,10.8,0.115,0.3225,-17.1,0.389
s158,Fish,2023,0.556,10.8,0.112,0.556,-16.9,0.401
s201,Fish,2023,0.5115,10.8,0.128,0.5115,-19.7,0.464
s215,Fish,2023,0.339,10.8,0.125,0.339,-19.5,0.439
s216,Fish,2023,0.2295,10.8,0.118,0.2295,-17.4,0.438
s234,Fish,2023,0.301,10.8,0.128,0.301,-19.2,0.431
s272,Fish,2023,0.5205,10.8,0.127,0.5205,-17.3,0.449
s280,Fish,2023,0.5705,10.8,0.111,0.5705,-17.5,0.419
s142,Fish,2023,0.3285,10.8,0.125,0.3285,-16.1,0.407
s197,Fish,2023,0.3495,10.8,0.133,0.3495,-19.8,0.446
s032,Inv,2023,0.541,9.9,0.086,0.554,-14.4,0.287
s033,Inv,2023,0.5315,10.1,0.087,0.635,-13.6,0.434
s034,Inv,2023,0.564,9.6,0.088,0.609,-13.6,0.386
s035,Inv,2023,0.5625,10,0.105,0.512,-13.8,0.392
s036,Inv,2023,0.5215,10,0.087,0.608,-15.9,0.317
s037,Inv,2023,0.5875,7.7,0.094,0.5345,-14,0.393
s038,Inv,2023,0.37,7.6,0.093,0.2775,-15.3,0.411
s010,Fish,2023,0.5555,10.7,0.114,0.5555,-14.6,0.375
s049,Fish,2023,0.216,10.7,0.111,0.216,-17.7,0.398
s145,Fish,2023,0.536,10.7,0.114,0.536,-15.7,0.403
s303,Fish,2023,0.555,10.7,0.126,0.555,-19.6,0.457
s212,Fish,2023,0.5375,10.7,0.128,0.5375,-16.2,0.449
s258,Fish,2023,0.203,10.7,0.047,0.203,-17.7,0.165
s269,Fish,2023,0.551,10.7,0.108,0.551,-19.1,0.4
s050,Fish,2023,0.258,10.7,0.121,0.258,-18.4,0.443
s051,Fish,2023,0.2255,10.7,0.123,0.2255,-18.6,0.433
s104,Fish,2023,0.405,10.7,0.125,0.405,-19,0.426
s199,Fish,2023,0.5035,10.7,0.139,0.5035,-19.9,0.475
s039,Inv,2023,0.551,10,0.109,0.5155,-15.9,0.494
s040,Inv,2023,0.628,11.3,0.092,0.6325,-16,0.178
s041,Inv,2023,0.5995,10.6,0.045,0.6825,-15.6,0.153
s042,Inv,2023,0.622,9.5,0.034,0.52,-16.4,0.153
s043,Inv,2023,0.651,6.7,0.032,0.5765,-15.5,0.17
s044,Inv,2023,0.566,11,0.079,0.5035,-15.5,0.339
s003,Fish,2023,0.5315,10.6,0.107,0.5315,-14.9,0.351
s012,Fish,2023,0.4735,10.6,0.115,0.4735,-16.1,0.4
s037,Fish,2023,0.541,10.6,0.077,0.541,-10.5,0.257
s042,Fish,2023,0.5875,10.6,0.107,0.5875,-14.8,0.359
s047,Fish,2023,0.22,10.6,0.121,0.22,-17.4,0.412
s186,Fish,2023,0.4625,10.6,0.118,0.4625,-16.6,0.41
s187,Fish,2023,0.4415,10.6,0.119,0.4415,-16.6,0.434
s204,Fish,2023,0.596,10.6,0.124,0.596,-18.7,0.436
s239,Fish,2023,0.306,10.6,0.13,0.306,-19.3,0.446
s251,Fish,2023,0.441,10.6,0.123,0.441,-19.4,0.433
s281,Fish,2023,0.505,10.6,0.105,0.505,-14.6,0.383
s284,Fish,2023,0.573,10.6,0.127,0.573,-17.3,0.46
s288,Fish,2023,0.5305,10.6,0.108,0.5305,-19.4,0.389
s292,Fish,2023,0.524,10.6,0.078,0.524,-17.4,0.283
s090,Fish,2023,0.5915,10.6,0.13,0.5915,-18.7,0.46
s119,Fish,2023,0.2465,10.6,0.127,0.2465,-18.4,0.427
s169,Fish,2023,0.2315,10.6,0.132,0.2315,-17.8,0.431
s045,Inv,2023,0.5505,7.6,0.067,0.6325,-14.9,0.402
s046,Inv,2023,0.501,6,0.065,0.5875,-15.8,0.403
s047,Inv,2023,0.532,9.4,0.012,0.5455,-22.3,0.226
s048,Inv,2023,0.518,8.6,0.012,0.6755,-19.5,0.138
s049,Inv,2023,0.525,6.2,0.036,0.6325,-20.2,0.172
s050,Inv,2023,0.5355,5.1,0.032,0.583,-18.8,0.139
s051,Inv,2023,0.505,10,0.017,0.607,-17.8,0.079
s011,Fish,2023,0.5035,10.5,0.108,0.5035,-15.5,0.349
s038,Fish,2023,0.5205,10.5,0.091,0.5205,-10.3,0.313
s048,Fish,2023,0.205,10.5,0.121,0.205,-19.2,0.417
s194,Fish,2023,0.5425,10.5,0.116,0.5425,-18.4,0.4
s200,Fish,2023,0.5085,10.5,0.125,0.5085,-19.4,0.454
s301,Fish,2023,0.51,10.5,0.119,0.51,-19.7,0.436
s214,Fish,2023,0.2855,10.5,0.122,0.2855,-19.2,0.452
s230,Fish,2023,0.4175,10.5,0.129,0.4175,-19.3,0.452
s231,Fish,2023,0.536,10.5,0.123,0.536,-19.2,0.441
s232,Fish,2023,0.5675,10.5,0.127,0.5675,-20,0.46
s237,Fish,2023,0.364,10.5,0.114,0.364,-17.5,0.407
s265,Fish,2023,0.571,10.5,0.115,0.571,-17,0.404
s266,Fish,2023,0.5565,10.5,0.128,0.5565,-18.2,0.459
s274,Fish,2023,0.535,10.5,0.114,0.535,-14.4,0.404
s278,Fish,2023,0.505,10.5,0.121,0.505,-13.3,0.441
s031,Fish,2023,0.2685,10.5,0.115,0.2685,-16.1,0.405
s101,Fish,2023,0.429,10.5,0.12,0.429,-16.6,0.417
s105,Fish,2023,0.5145,10.5,0.133,0.5145,-19.8,0.464
s168,Fish,2023,0.327,10.5,0.126,0.327,-18,0.417
s052,Inv,2023,0.552,8.3,0.013,0.6095,-17.3,0.044
s053,Inv,2023,0.6295,11.2,0.097,0.5485,-16.2,0.52
s054,Inv,2023,0.6255,10.3,0.079,0.589,-15.7,0.338
s056,Inv,2023,0.5765,11.4,0.084,0.627,-17.5,0.518
s070,Fish,2023,0.5205,10.4,0.107,0.5205,-14.7,0.366
s124,Fish,2023,0.5375,10.4,0.102,0.5375,-16.5,0.337
s141,Fish,2023,0.4985,10.4,0.125,0.4985,-19.7,0.434
s143,Fish,2023,0.487,10.4,0.123,0.487,-19.9,0.452
s172,Fish,2023,0.572,10.4,0.101,0.572,-16.8,0.358
s191,Fish,2023,0.5745,10.4,0.106,0.5745,-19.1,0.39
s192,Fish,2023,0.518,10.4,0.12,0.518,-19.2,0.43
s205,Fish,2023,0.546,10.4,0.123,0.546,-18.1,0.424
s025,Fish,2023,0.523,10.4,0.106,0.523,-16.1,0.403
s052,Fish,2023,0.336,10.4,0.115,0.336,-19,0.437
s059,Fish,2023,0.566,10.4,0.125,0.566,-17.5,0.458
s085,Fish,2023,0.2865,10.4,0.114,0.2865,-17.6,0.416
s114,Fish,2023,0.442,10.4,0.136,0.442,-19.3,0.46
s115,Fish,2023,0.309,10.4,0.127,0.309,-18.6,0.426
s117,Fish,2023,0.2675,10.4,0.134,0.2675,-19.2,0.445
s198,Fish,2023,0.233,10.4,0.12,0.233,-18.2,0.401
s057b,Inv,2023,0.677,10.5,0.083,0.4715,-15.8,0.336
s058,Inv,2023,0.564,11.8,0.122,0.5285,-16.9,0.403
s059,Inv,2023,0.53,10,0.097,0.542,-16.4,0.373
s060,Inv,2023,0.5875,8.9,0.094,0.6215,-16.7,0.276
s061,Inv,2023,0.5475,9.2,0.11,0.421,-17.8,0.445
s044,Fish,2023,0.5265,10.3,0.114,0.5265,-14.5,0.382
s074,Fish,2023,0.5945,10.3,0.116,0.5945,-14.4,0.392
s093,Fish,2023,0.554,10.3,0.094,0.554,-15,0.32
s095,Fish,2023,0.5575,10.3,0.107,0.5575,-16.7,0.369
s123,Fish,2023,0.609,10.3,0.09,0.609,-16.6,0.313
s161,Fish,2023,0.5835,10.3,0.109,0.5835,-17.4,0.424
s207,Fish,2023,0.5655,10.3,0.111,0.5655,-18.6,0.389
s250,Fish,2023,0.5805,10.3,0.103,0.5805,-18.5,0.366
s254,Fish,2023,0.5295,10.3,0.116,0.5295,-18.8,0.393
s264,Fish,2023,0.5005,10.3,0.1,0.5005,-17.6,0.351
s296,Fish,2023,0.556,10.3,0.089,0.556,-14.8,0.31
s298,Fish,2023,0.594,10.3,0.106,0.594,-17.2,0.378
s020,Fish,2023,0.52,10.3,0.112,0.5875,-15.8,0.379
s023,Fish,2023,0.201,10.3,0.109,0.201,-19.2,0.428
s027,Fish,2023,0.5115,10.3,0.118,0.5115,-16.2,0.423
s086,Fish,2023,0.341,10.3,0.103,0.341,-17.9,0.378
s116,Fish,2023,0.253,10.3,0.121,0.253,-18.9,0.405
s170,Fish,2023,0.2185,10.3,0.133,0.2185,-18.7,0.438
s062,Inv,2023,0.33,10.1,0.11,0.433,-16.7,0.404
s063,Inv,2023,0.148,7.6,0.085,0.215,-16.1,0.416
s064,Inv,2023,0.557,8,0.035,0.503,-18.4,0.171
s065,Inv,2023,0.62,8,0.018,0.533,-17.2,0.069
s066,Inv,2023,0.521,7.9,0.027,0.6065,-16.3,0.117
s068,Inv,2023,0.621,7.6,0.047,0.644,-16.1,0.206
s069,Inv,2023,0.649,10.7,0.092,0.6475,-14.7,0.392
s038b,Fish,2023,0.5395,10.2,0.126,0.5395,-15.9,0.433
s040,Fish,2023,0.6045,10.2,0.104,0.6045,-14.2,0.356
s046,Fish,2023,0.427,10.2,0.126,0.427,-14.9,0.436
s150,Fish,2023,0.554,10.2,0.115,0.554,-16.7,0.424
s157,Fish,2023,0.511,10.2,0.125,0.511,-17.4,0.445
s176,Fish,2023,0.517,10.2,0.12,0.517,-18.9,0.423
s193,Fish,2023,0.55,10.2,0.111,0.55,-18.1,0.388
s221,Fish,2023,0.5375,10.2,0.108,0.5375,-18.7,0.374
s252,Fish,2023,0.532,10.2,0.113,0.532,-19,0.395
s253,Fish,2023,0.5515,10.2,0.12,0.5515,-19.8,0.413
s013,Fish,2023,0.543,10.2,0.123,0.543,-16.7,0.428
s022,Fish,2023,0.365,10.2,0.125,0.365,-18.9,0.445
s082,Fish,2023,0.4425,10.2,0.121,0.4425,-17.4,0.461
s103,Fish,2023,0.5275,10.2,0.137,0.5275,-19.9,0.471
s171,Fish,2023,0.1965,10.2,0.131,0.1965,-19.2,0.431
s070,Inv,2023,0.5975,9.5,0.087,0.677,-17.1,0.337
s075,Inv,2023,0.577,8.1,0.027,0.649,-10.8,0.181
s076,Inv,2023,0.505,10.2,0.084,0.655,-10.1,0.158
s078,Inv,2023,0.54,9.6,0.093,0.5225,-17.4,0.362
s079,Inv,2023,0.5325,9,0.073,0.6375,-16,0.295
s080,Inv,2023,2.135,9.7,0.008,0.6805,-4.5,0.133
s081,Inv,2023,2.064,11.1,0.008,0.655,-8.2,0.127
s082,Inv,2023,0.553,9,0.069,0.535,-17,0.253
s083,Inv,2023,0.5875,9.9,0.097,0.504,-17.3,0.364
s133,Fish,2023,0.569,10.1,0.1,0.569,-16.9,0.331
s179,Fish,2023,0.433,10.1,0.124,0.433,-19.2,0.451
s190,Fish,2023,0.512,10.1,0.108,0.512,-18.8,0.391
s195,Fish,2023,0.55,10.1,0.11,0.55,-19.4,0.419
s213,Fish,2023,0.5195,10.1,0.123,0.5195,-19.5,0.416
s249,Fish,2023,0.539,10.1,0.107,0.539,-19.6,0.417
s275,Fish,2023,0.565,10.1,0.102,0.565,-14.9,0.365
s118,Fish,2023,0.287,10.1,0.128,0.287,-19.7,0.456
s084,Inv,2023,0.6075,8.2,0.064,0.5285,-19.4,0.351
s085,Inv,2023,0.5135,9.9,0.094,0.614,-17.3,0.432
s086,Inv,2023,0.5095,6.7,0.019,0.5035,-19.4,0.12
s087,Inv,2023,0.594,8,0.052,0.5355,-17.9,0.205
s088,Inv,2023,1.9445,9,0.011,0.5515,-5.7,0.135
s089,Inv,2023,1.9615,9.5,0.01,0.4785,-17.7,0.234
s090,Inv,2023,2.5215,9.2,0.008,0.5995,-4,0.12
s091,Inv,2023,0.5595,11.1,0.108,0.605,-15.3,0.457
s092,Inv,2023,0.215,10.9,0.12,NA,NA,NA
s093,Inv,2023,1.792,9.5,0.013,0.3285,-8.3,0.128
s041,Fish,2023,0.555,10,0.119,0.555,-19,0.397
s055,Fish,2023,0.5375,10,0.135,0.5375,-19.3,0.443
s056,Fish,2023,0.521,10,0.134,0.521,-19.5,0.447
s073,Fish,2023,0.537,10,0.119,0.537,-18.4,0.393
s147,Fish,2023,0.4725,10,0.121,0.4725,-20,0.447
s159,Fish,2023,0.574,10,0.093,0.574,-17.4,0.362
s014,Fish,2023,0.2615,10,0.115,0.2615,-19.4,0.444
s024,Fish,2023,0.2715,10,0.115,0.2715,-15.9,0.412
s029,Fish,2023,0.44,10,0.097,0.44,-17.9,0.385
s030,Fish,2023,0.3045,10,0.121,0.3045,-18.1,0.449
s058,Fish,2023,0.352,10,0.121,0.352,-18.2,0.444
s062,Fish,2023,0.4385,10,0.122,0.4385,-18.3,0.432
s080,Fish,2023,0.4175,10,0.118,0.4175,-16.6,0.436
s081,Fish,2023,0.3235,10,0.12,0.3235,-18.4,0.444
s084,Fish,2023,0.3665,10,0.124,0.3665,-18.7,0.445
s102,Fish,2023,0.5095,10,0.133,0.5095,-20.1,0.468
s148,Fish,2023,0.376,10,0.131,0.376,-19.5,0.449
s166,Fish,2023,0.386,10,0.138,0.386,-19.5,0.446
s094,Inv,2023,0.512,9.2,0.052,0.5585,-15.3,0.173
s095,Inv,2023,0.5365,7.2,0.061,0.5665,-16.3,0.263
s096,Inv,2023,0.504,8.7,0.085,0.4965,-16.1,0.344
s097,Inv,2023,0.518,8.5,0.042,0.616,-17.5,0.185
s098,Inv,2023,0.5905,7.5,0.051,0.631,-16.8,0.205
s099,Inv,2023,0.6145,5.2,0.036,0.562,-16.2,0.219
s100,Inv,2023,0.524,7,0.04,0.585,-11.7,0.209
s043,Fish,2023,0.4795,9.9,0.116,0.4795,-15.6,0.414
s163,Fish,2023,0.5245,9.9,0.12,0.5245,-18.9,0.428
s225,Fish,2023,0.5135,9.9,0.107,0.5135,-19,0.392
s297,Fish,2023,0.503,9.9,0.086,0.503,-16.1,0.302
s079,Fish,2023,0.427,9.9,0.121,0.427,-18.1,0.451
s101,Inv,2023,0.555,8.7,0.052,0.5975,-14.9,0.243
s102,Inv,2023,0.6365,8.9,0.061,0.643,-13.3,0.227
s103,Inv,2023,0.516,10.9,0.087,0.668,-16.3,0.44
s104,Inv,2023,0.521,6.2,0.048,0.508,-12.7,0.267
s105,Inv,2023,0.6795,11.5,0.109,0.556,-15.6,0.381
s106,Inv,2023,0.517,8.2,0.09,0.5825,-18.9,0.328
s107,Inv,2023,0.6405,8.6,0.05,0.472,-17.5,0.295
s106,Fish,2023,0.6065,9.8,0.111,0.6065,-19.1,0.389
s164,Fish,2023,0.5325,9.8,0.115,0.5325,-19.8,0.46
s220,Fish,2023,0.5125,9.8,0.105,0.5125,-19.8,0.417
s257,Fish,2023,0.54,9.8,0.136,0.54,-19.6,0.475
s083,Fish,2023,0.5075,9.8,0.119,0.5075,-18.3,0.462
s108,Inv,2023,0.5835,10.9,0.105,0.497,-16.4,0.356
s109,Inv,2023,0.571,10.6,0.118,0.512,-13.7,0.445
s110,Inv,2023,2.0115,8.7,0.007,0.5635,-11.1,0.104
s111,Inv,2023,1.921,8.3,0.013,0.5865,-9.8,0.102
s112,Inv,2023,0.621,8,0.044,0.582,-14.4,0.209
s113,Inv,2023,0.638,7.1,0.025,0.658,-12.1,0.184
s057,Fish,2023,0.5775,9.7,0.134,0.5775,-19.5,0.446
s072,Fish,2023,0.5875,9.7,0.109,0.5875,-19.3,0.416
s125,Fish,2023,0.565,9.7,0.107,0.565,-19.9,0.434
s162,Fish,2023,0.5985,9.7,0.117,0.5985,-19.8,0.457
s028,Fish,2023,0.4315,9.7,0.099,0.4315,-17.6,0.392
s114,Inv,2023,0.6335,10.5,0.081,0.509,-14.3,0.359
s115,Inv,2023,0.551,8.5,0.092,0.422,-16.8,0.343
s116,Inv,2023,0.62,9.6,0.092,0.3255,-16.7,0.371
s117,Inv,2023,0.5455,11.9,0.108,0.4445,-15.2,0.468
s118,Inv,2023,1.948,9.5,0.012,0.547,-8.7,0.116
s119,Inv,2023,2.193,9.1,0.013,0.578,-9.6,0.101
s120,Inv,2023,2.1525,9.3,0.017,0.5965,-8,0.109
s121,Inv,2023,1.968,9.5,0.006,0.6855,-6.7,0.088
s122,Inv,2023,0.566,6.6,0.048,0.5805,-14.6,0.175
s123,Inv,2023,0.6135,11,0.081,0.66,-16.3,0.298
s124,Inv,2023,0.586,7.2,0.059,0.6055,-16.2,0.237
s039,Fish,2023,0.5315,9.6,0.122,0.5315,-19.4,0.416
s045,Fish,2023,0.5275,9.6,0.113,0.5275,-14.9,0.385
s126,Fish,2023,0.5815,9.6,0.112,0.5815,-19.7,0.404
s128,Fish,2023,0.5335,9.6,0.11,0.5335,-19.4,0.401
s174,Fish,2023,0.577,9.6,0.122,0.577,-20.1,0.422
s175,Fish,2023,0.509,9.6,0.12,0.509,-19.5,0.412
s125,Inv,2023,0.506,6.7,0.06,0.546,-16.2,0.301
s126,Inv,2023,0.659,8.9,0.06,0.563,-18.9,0.32
s127,Inv,2023,0.591,9,0.073,0.5535,-16.5,0.37
s128,Inv,2023,0.557,9.6,0.104,0.4775,-18.2,0.361
s129,Inv,2023,0.5135,7.7,0.06,0.4555,-18.6,0.295
s130,Inv,2023,0.6495,9.8,0.086,0.524,-16.8,0.278
s131,Inv,2023,0.599,7.6,0.038,0.496,-18.2,0.17
s132,Inv,2023,0.596,7.3,0.042,0.5055,-17.5,0.252
s133,Inv,2023,0.5095,7.8,0.05,0.655,-16.1,0.184
s134,Inv,2023,0.637,7.7,0.034,0.5425,-18,0.213
s135,Inv,2023,0.586,7.9,0.038,0.647,-18.3,0.172
s136,Inv,2023,0.561,8.1,0.056,0.544,-18,0.226
s096,Fish,2023,0.5205,9.5,0.124,0.5205,-19.9,0.411
s097,Fish,2023,0.544,9.5,0.133,0.544,-20.6,0.456
s127,Fish,2023,0.5035,9.5,0.097,0.5035,-20.5,0.429
s178,Fish,2023,0.56,9.5,0.129,0.56,-19.8,0.449
s137,Inv,2023,0.659,7.6,0.042,0.51,-17.4,0.248
s138,Inv,2023,0.6075,5.8,0.037,0.493,-16.9,0.166
s139,Inv,2023,0.5135,5.7,0.038,0.578,-17.3,0.187
s140,Inv,2023,0.6185,6.5,0.039,0.583,-17.2,0.17
s141,Inv,2023,1.9355,10.1,0.004,0.5245,-22.9,0.059
s142,Inv,2023,2.0305,10.5,0.012,0.4745,-19.8,0.06
s143,Inv,2023,1.9995,10.4,0.004,0.5525,-10.4,0.096
s136,Fish,2023,0.5265,9.4,0.122,0.5265,-20.5,0.417
s165,Fish,2023,0.517,9.4,0.117,0.517,-20.1,0.412
s177,Fish,2023,0.557,9.4,0.119,0.557,-19.8,0.415
s144,Inv,2023,1.919,8.8,0.012,0.537,-10.3,0.093
s145,Inv,2023,0.115,NA,NA,NA,NA,NA
s146,Inv,2023,2.1265,9.3,0.007,0.581,-12.3,0.08
s147,Inv,2023,1.9265,8.9,0.008,0.5785,-14.5,0.084
s148,Inv,2023,0.577,10.7,0.075,0.513,-14.5,0.291
s149,Inv,2023,0.5955,7.9,0.076,0.5885,-16,0.278
s150,Inv,2023,2.095,10.2,0.01,0.546,-22.1,0.141
s151,Inv,2023,0.5435,7.9,0.05,0.6385,-17.5,0.203
PGTC6,Turf,2023,1.833,9.2,0.041,1.81,-16.37,0.149
s152,Inv,2023,0.513,7.2,0.04,0.6435,-15.2,0.137
s153,Inv,2023,0.647,6.5,0.038,0.547,-13.1,0.153
s154,Inv,2023,0.604,6.9,0.054,0.6335,-15.1,0.142
s155,Inv,2023,0.6125,7.4,0.055,0.49,-14.9,0.153
s156,Inv,2023,0.5005,8,0.027,0.407,-19.1,0.116
s157,Inv,2023,0.6605,10.8,0.103,0.5695,-13.6,0.363
s158,Inv,2023,0.6135,10.8,0.095,0.592,-13.2,0.37
s159,Inv,2023,0.6125,8.6,0.078,0.6625,-14.9,0.287
s160,Inv,2023,0.5585,10,0.076,0.53,-14.1,0.283
s161,Inv,2023,0.5425,9.4,0.094,0.4975,-14.3,0.307
s162,Inv,2023,0.6655,9.7,0.104,0.6355,-13.6,0.345
s163,Inv,2023,0.5545,9,0.078,0.2185,-16.4,0.307
s005,Fish,2023,0.5915,9.2,0.116,0.5915,-17.1,0.388
s173,Fish,2023,0.5235,9.2,0.107,0.5235,-19.2,0.392
s164,Inv,2023,0.582,8,0.073,0.6125,-17.6,0.323
s165,Inv,2023,0.4475,8.7,0.107,0.2275,-16.3,0.404
s166,Inv,2023,0.562,8,0.083,0.52,-15.9,0.331
s167,Inv,2023,1.875,8.6,0.017,0.6755,-10.1,0.101
s169,Inv,2023,2.2585,8.6,0.011,0.678,-14.2,0.078
s170,Inv,2023,2.0315,9.7,0.012,0.685,-17.2,0.063
s171,Inv,2023,1.584,8.5,0.019,0.6235,-18.3,0.074
s172,Inv,2023,0.51,8.1,0.08,0.543,-13.8,0.317
s060,Fish,2023,0.5915,9.1,0.103,0.5915,-19.3,0.423
s173,Inv,2023,0.6145,8.7,0.067,0.557,-17,0.261
s174,Inv,2023,0.5645,9.2,0.076,0.524,-15.5,0.289
s175,Inv,2023,0.5445,10.3,0.083,0.585,-15.4,0.332
s176,Inv,2023,0.5915,10.6,0.094,0.504,-15.9,0.312
s177,Inv,2023,0.8295,10.2,0.071,0.559,-17.1,0.31
s178,Inv,2023,0.5845,10.6,0.093,0.2775,-16.2,0.343
s179,Inv,2023,0.745,10.9,0.101,0.5215,-15.9,0.395
s180,Inv,2023,0.817,10.6,0.087,0.5925,-16.7,0.316
s181,Inv,2023,0.692,9,0.075,0.481,-18.1,0.269
s182,Inv,2023,0.823,10.1,0.104,0.8175,-15.5,0.396
s183,Inv,2023,0.8095,7.4,0.065,0.8725,-15.2,0.372
s184,Inv,2023,0.8556,9.2,0.088,0.8755,-16.1,0.25
s185,Inv,2023,0.8495,9.9,0.081,0.8645,-15.5,0.381
s186,Inv,2023,0.863,9.6,0.087,0.828,-17.2,0.312
s187,Inv,2023,0.833,9.4,0.085,0.8825,-16.3,0.325
s188,Inv,2023,0.825,8.9,0.069,0.6885,-16.5,0.329
s189,Inv,2023,0.845,9.1,0.071,0.7375,-16.5,0.137
s190,Inv,2023,0.8,9.5,0.095,0.878,-16.7,0.348
s191,Inv,2023,0.845,9.6,0.089,0.8705,-15.5,0.317
s192,Inv,2023,0.5825,9.9,0.098,0.5205,-17.2,0.317
s193,Inv,2023,0.8575,8.5,0.067,0.858,-16.3,0.31
s194,Inv,2023,0.815,9.7,0.085,0.8565,-16.7,0.339
s195,Inv,2023,0.68,8.2,0.063,0.545,-15.6,0.254
s196,Inv,2023,0.5245,8.4,0.103,0.347,-17.5,0.353
s197,Inv,2023,0.5125,9.8,0.114,0.35,-16.1,0.467
s198,Inv,2023,0.819,9.6,0.085,0.828,-17.2,0.318
s199,Inv,2023,0.504,9.1,0.094,0.3115,-16.6,0.399
s200,Inv,2023,0.8375,9.2,0.079,0.44,-16.7,0.416
s201,Inv,2023,0.5865,9.7,0.094,0.274,-16.6,0.294
s202,Inv,2023,NA,NA,NA,NA,NA,NA
s203,Inv,2023,0.886,7.8,0.045,0.573,-18.5,0.158
s204,Inv,2023,0.812,6.4,0.032,0.583,-18,0.129
s205,Inv,2023,0.8655,8,0.03,0.587,-17.8,0.233
s206,Inv,2023,0.844,7.8,0.036,0.5225,-16,0.191
s207,Inv,2023,0.347,9.3,0.074,0.273,-15.9,0.219
s208,Inv,2023,0.869,8.6,0.031,0.429,-18.5,0.189
s209,Inv,2023,0.801,7.6,0.052,0.602,-16.5,0.188
s215,Inv,2023,2.7195,9.1,0.011,0.5635,-13.9,0.055
s216,Inv,2023,2.77,8.3,0.014,0.6375,-13.7,0.069
s217,Inv,2023,2.1685,8.7,0.015,0.5905,-11,0.049
s219,Inv,2023,0.8605,9,0.07,0.5815,-16.4,0.307
s220,Inv,2023,0.894,10.9,0.081,0.565,-15.5,0.3
s221,Inv,2023,0.804,10.1,0.073,0.526,-15.9,0.325
s222,Inv,2023,0.864,9.2,0.074,0.585,-16.6,0.298
s223,Inv,2023,0.793,9.3,0.07,0.53,-15.8,0.311
s224,Inv,2023,0.809,11.2,0.105,0.49,-14.6,0.389
s225,Inv,2023,0.7955,11.8,0.12,0.5195,-14.5,0.436
s226,Inv,2023,0.802,10.8,0.091,0.4995,-16.5,0.381
s227,Inv,2023,0.824,9.1,0.084,0.4045,-14.1,0.374
s228,Inv,2023,0.4015,7.9,0.087,0.0605,-18.1,0.371
s229,Inv,2023,0.434,8.5,0.103,0.1245,-16.4,0.385
s230,Inv,2023,0.803,8.6,0.055,0.5755,-17.8,0.207
s231,Inv,2023,0.8375,7.2,0.03,0.59,-19.1,0.128
s232,Inv,2023,0.872,8.1,0.049,0.669,-17.2,0.212
s233,Inv,2023,0.8325,6.4,0.03,0.5575,-17.7,0.092
s234,Inv,2023,0.8655,5.7,0.032,0.2355,-19.9,0.181
s235,Inv,2023,0.299,6.6,0.055,0.1075,-19.3,0.313
s236,Inv,2023,2.3225,9.2,0.013,0.586,-17.9,0.061
s237,Inv,2023,2.1485,10.6,0.011,0.566,-18.6,0.039
s238,Inv,2023,0.8505,8,0.063,0.5695,-15.2,0.266
s239,Inv,2023,0.955,8.6,0.056,0.524,-15,0.25
s240,Inv,2023,0.8325,8.2,0.05,0.628,-17.2,0.167
s241,Inv,2023,0.9635,7.1,0.03,0.5135,-17.6,0.165
s242,Inv,2023,0.909,7.4,0.034,0.665,-16,0.175
s243,Inv,2023,0.8735,7.5,0.037,0.6055,-17,0.17
s244,Inv,2023,0.855,6.9,0.035,0.5395,-16.2,0.108
s245,Inv,2023,0.8405,7.2,0.038,0.5455,-17.4,0.092
s246,Inv,2023,0.882,6.6,0.031,0.5265,-19.2,0.237
s247,Inv,2023,0.8285,7.4,0.049,0.527,-17,0.184
s248,Inv,2023,0.8975,6.3,0.032,0.5205,-17,0.168
s249,Inv,2023,0.879,5.8,0.03,0.5225,-17.6,0.156
s250,Inv,2023,0.8695,7.1,0.053,0.6495,-15.8,0.327
s251,Inv,2023,0.5985,6.3,0.028,0.296,-18.9,0.138
s252,Inv,2023,0.8245,7.1,0.056,0.651,-14.6,0.227
s253,Inv,2023,0.92,9.9,0.096,0.5065,-15.3,0.348
s254,Inv,2023,0.8605,8.5,0.094,0.635,-14.16,0.433
s255,Inv,2023,0.873,10.1,0.095,0.5165,-15,0.331
s256,Inv,2023,0.871,10.4,0.087,0.5225,-15.3,0.429
s257,Inv,2023,0.524,9.5,0.066,0.4865,-15.1,0.381
s258,Inv,2023,0.804,10.7,0.095,0.5995,-15.5,0.418
s259,Inv,2023,0.518,9.8,0.071,0.4475,-14.6,0.362
s260,Inv,2023,0.516,8.2,0.071,0.4295,-13.5,0.254
s261,Inv,2023,0.2585,7.7,0.086,0.2965,-15,0.406
s262,Inv,2023,0.29,7.9,0.091,0.095,-17.3,0.367
s269,Inv,2023,2.023,10.2,0.006,0.581,-8.4,0.108
s270,Inv,2023,2.21,8.6,0.008,0.6245,-7.1,0.094
s271,Inv,2023,2.6665,9,0.006,0.645,-8,0.099
s272,Inv,2023,0.928,8.2,0.073,0.6765,-19.2,0.308
s273,Inv,2023,0.8455,9.3,0.097,0.6655,-19.9,0.373
s274,Inv,2023,0.817,6.9,0.109,0.6275,-10.3,0.327
s275,Inv,2023,0.83,9.5,0.082,0.683,-14.5,0.344
s276,Inv,2023,0.813,11,0.105,0.5485,-11.5,0.406
PYTE1,Turf,2023,1.7575,8.1,0.011,1.7735,-7.02,0.128
s277,Inv,2023,0.8755,8.4,0.075,0.683,-15.2,0.343
s278,Inv,2023,0.894,10.5,0.101,0.414,-12,0.381
s279,Inv,2023,0.817,8.5,0.054,0.6375,-15.9,0.218
s280,Inv,2023,0.876,4.3,0.073,0.5115,-8.4,0.255
s281,Inv,2023,0.5955,10.4,0.088,0.276,-12.9,0.377
s282,Inv,2023,0.808,6.6,0.026,0.527,-11,0.192
s283,Inv,2023,0.816,6.5,0.039,0.5165,-13.4,0.228
s284,Inv,2023,2.4205,8.8,0.008,0.506,-7.1,0.082
s285,Inv,2023,0.8585,9.4,0.063,0.6095,-15.8,0.239
s286,Inv,2023,0.814,11.5,0.084,0.5815,-15.5,0.339
s287,Inv,2023,0.8425,12.9,0.08,0.504,-15.7,0.356
s288,Inv,2023,0.857,11.4,0.081,0.528,-16.3,0.311
s289,Inv,2023,0.839,8.7,0.085,0.5785,-15,0.357
s290,Inv,2023,0.8575,10.3,0.103,0.5435,-15.6,0.368
s291,Inv,2023,0.8875,11.8,0.099,0.5995,-16.5,0.386
s292,Inv,2023,0.802,11.3,0.104,0.391,-12.4,0.434
s293,Inv,2023,0.8025,10.1,0.095,0.259,-15.6,0.32
s294,Inv,2023,0.3495,10.5,0.091,0.1855,-17.4,0.385
s295,Inv,2023,0.813,7.8,0.037,0.5155,-14.5,0.152
s296,Inv,2023,0.875,6.6,0.023,0.587,-15.3,0.152
s297,Inv,2023,0.705,6.2,0.023,0.2695,-21,0.118
s298,Inv,2023,0.844,7.9,0.039,0.64,-17.4,0.192
s299,Inv,2023,0.8455,7.3,0.043,0.518,-15.6,0.23
s302,Inv,2023,2.1635,10,0.01,0.6385,-5.1,0.116
s303,Inv,2023,0.8815,8.2,0.022,0.584,-13.6,0.183
s304,Inv,2023,0.8085,8.6,0.032,0.5555,-10.6,0.146
s305,Inv,2023,0.8815,7.9,0.034,0.5735,-12.8,0.173
s306,Inv,2023,0.8825,8.8,0.053,0.56,-17.7,0.233
s307,Inv,2023,0.845,8.6,0.07,0.497,-21.2,0.416
s308,Inv,2023,0.813,9.1,0.042,0.5775,-15.3,0.186
s309,Inv,2023,0.9115,7,0.029,0.528,-18.1,0.184
s310,Inv,2023,0.843,8.2,0.051,0.549,-17.9,0.241
s311,Inv,2023,0.855,8.1,0.048,0.556,-21.3,0.258
s312,Inv,2023,0.5465,8.5,0.039,0.306,-21.7,0.226
s313,Inv,2023,0.892,6.8,0.033,0.371,-17.9,0.273
s314,Inv,2023,0.852,8.1,0.029,0.608,-20.1,0.159
s315,Inv,2023,0.8415,7.5,0.033,0.574,-15.5,0.204
s316,Inv,2023,0.8085,7.4,0.038,0.399,-16,0.24
s317,Inv,2023,0.856,8.7,0.041,0.578,-14,0.198
s318,Inv,2023,0.8415,8.7,0.061,0.567,-16.7,0.261
s319,Inv,2023,0.853,7.3,0.04,0.54,-16.8,0.225
s320,Inv,2023,0.83,7.8,0.053,0.5615,-16.4,0.263
s321,Inv,2023,0.822,7.1,0.04,0.5245,-17.2,0.228
s322,Inv,2023,0.846,7.3,0.029,0.505,-18.7,0.186
s323,Inv,2023,0.772,7.6,0.05,0.2435,-17.5,0.22
s324,Inv,2023,0.8915,10.5,0.109,0.5205,-17.5,0.333
s325,Inv,2023,0.8355,10.5,0.066,0.5395,-17.7,0.259
s326,Inv,2023,0.8955,9.8,0.095,0.517,-17,0.36
s327,Inv,2023,0.815,10.7,0.071,0.546,-14.2,0.29
s328,Inv,2023,0.814,11.1,0.101,0.5405,-17.2,0.369
s329,Inv,2023,0.8575,8.2,0.061,0.5685,-18.1,0.326
s330,Inv,2023,0.8805,9.9,0.061,0.543,-17.5,0.347
s331,Inv,2023,0.88,9.6,0.087,0.51,-16.3,0.353
s332,Inv,2023,0.8145,7.6,0.053,0.5695,-16.5,0.277
s333,Inv,2023,0.886,11,0.098,0.516,-17.2,0.306
s334,Inv,2023,0.8815,10.1,0.085,0.5745,-17.6,0.379
s335,Inv,2023,0.8125,10.7,0.096,0.612,-16.4,0.297
s336,Inv,2023,0.83,8.5,0.069,0.505,-18.1,0.303
s337,Inv,2023,0.8035,7.7,0.077,0.608,-16.4,0.315
s338,Inv,2023,0.81,10.4,0.089,0.598,-16.2,0.244
s339,Inv,2023,0.8495,8.7,0.08,0.5445,-19.5,0.387
s340,Inv,2023,0.852,8.9,0.074,0.6055,-18.1,0.339
s341,Inv,2023,0.883,9,0.08,0.5965,-15.7,0.349
s342,Inv,2023,0.827,9.2,0.084,0.527,-15.9,0.365
s343,Inv,2023,0.862,8.9,0.071,0.505,-17.3,0.36
s344,Inv,2023,0.7845,9.5,0.096,0.5855,-14.4,0.325
s345,Inv,2023,0.808,10.7,0.102,0.695,-17.4,0.087
s346,Inv,2023,0.8235,8.7,0.076,0.45,-17.8,0.326
s347,Inv,2023,0.83,9.3,0.082,0.5525,-17.6,0.366
s348,Inv,2023,2.501,10.2,0.01,0.507,-4.6,0.142
s349,Inv,2023,2.239,8.4,0.01,0.508,-6,0.135
s351,Inv,2023,0.868,8.2,0.081,0.5185,-17.2,0.232
s352,Inv,2023,0.866,8.5,0.068,0.568,-13.8,0.266
s353,Inv,2023,0.8915,9.6,0.066,0.548,-14.8,0.302
s354,Inv,2023,0.63,9.8,0.106,0.506,-17.7,0.422
s355,Inv,2023,0.852,9.3,0.091,0.6105,-18.3,0.378
s356,Inv,2023,0.818,7.9,0.035,0.596,-9.5,0.149
s357,Inv,2023,0.827,9.8,0.056,0.52,-15.4,0.19
s358,Inv,2023,0.8645,7.5,0.041,0.548,-14.3,0.191
s008,Fish,2023,0.523,7.4,0.121,0.523,-13.2,0.441
s359,Inv,2023,0.893,7.7,0.051,0.592,-16,0.318
s360,Inv,2023,2.532,8.6,0.015,0.6295,-6.9,0.157
s361,Inv,2023,2.338,8,0.009,0.5565,-5.4,0.137
s363,Inv,2023,0.83,9,0.026,0.5565,-16.4,0.298
s364,Inv,2023,0.829,8.7,0.076,0.601,-16.7,0.32
s365,Inv,2023,0.8735,10,0.043,0.5155,-13.4,0.28
s366,Inv,2023,0.83,7.6,0.045,0.566,-15.9,0.21
s367,Inv,2023,0.827,8.4,0.025,0.5725,-11.5,0.176
s368,Inv,2023,0.8665,8.7,0.052,0.631,-12.1,0.215
s369,Inv,2023,0.8385,7.4,0.025,0.5105,-13.5,0.26
s370,Inv,2023,0.8545,8.3,0.047,0.5695,-12.7,0.195
s371,Inv,2023,0.8815,7.9,0.037,0.6015,-13.9,0.208
s372,Inv,2023,0.849,7.1,0.027,0.561,-15.1,0.189
s373,Inv,2023,0.8555,7.2,0.035,0.558,-17.4,0.16
s374,Inv,2023,0.845,6.3,0.034,0.597,-17.1,0.158
s375,Inv,2023,0.811,10,0.066,0.183,-16.8,0.41
s376,Inv,2023,0.854,7.7,0.046,0.5395,-14.2,0.246
s377,Inv,2023,0.8435,6.3,0.028,0.538,-12.3,0.192
s378,Inv,2023,0.3545,6.2,0.031,0.1365,-16.9,0.224
s379,Inv,2023,0.892,8.3,0.038,0.5165,-13.1,0.201
s380,Inv,2023,0.89,7.5,0.034,0.6195,-13.3,0.221
s381,Inv,2023,0.8225,7.7,0.045,0.592,-14.6,0.222
s382,Inv,2023,0.801,6.8,0.036,0.531,-14.6,0.259
s383,Inv,2023,0.8685,9.4,0.094,0.507,-20.5,0.311
s384,Inv,2023,0.8425,9.1,0.082,0.5465,-15.3,0.297
s385,Inv,2023,0.8355,10.3,0.073,0.5155,-16.7,0.33
s386,Inv,2023,0.852,10.2,0.083,0.5495,-15.4,0.405
s387,Inv,2023,0.865,10.7,0.113,0.5385,-15.9,0.361
s388,Inv,2023,0.826,8.1,0.071,0.572,-15.4,0.419
s389,Inv,2023,0.871,9.5,0.088,0.5805,-16.5,0.369
s390,Inv,2023,0.8415,7.6,0.064,0.5635,-17.4,0.353
s391,Inv,2023,0.8325,8.7,0.069,0.597,-15.6,0.249
s009,Fish,2023,0.558,6.7,0.099,0.558,-13.8,0.453
s392,Inv,2023,0.873,8.4,0.075,0.563,-15.8,0.406
s393,Inv,2023,0.8285,8.5,0.074,0.519,-16.4,0.346
s394,Inv,2023,0.164,8.8,0.101,0.1095,-19.5,0.507
s395,Inv,2023,0.114,6.9,0.111,0.129,-16.7,0.422
s396,Inv,2023,0.5275,8.6,0.09,0.204,-14.3,0.297
s397,Inv,2023,0.2115,6.2,0.066,0.1205,-18.7,0.246
s398,Inv,2023,0.187,6.6,0.054,0.0825,-18.2,0.359
PGTC4,Turf,2023,1.723,6.5,0.011,1.7555,-16.78,0.144
PYTE3,Turf,2023,1.7715,6.5,0.004,1.743,-6.79,0.111
s401,Inv,2023,2.2435,8.1,0.005,0.6,-7.9,0.131
s402,Inv,2023,2.17,9.7,0.007,0.5165,-12.9,0.173
s403,Inv,2023,2.8165,8.6,0.008,0.598,-5.9,0.124
s404,Inv,2023,0.8115,10,0.07,0.5145,-15.3,0.281
s405,Inv,2023,0.8905,11,0.101,0.5225,-17,0.363
s406,Inv,2023,0.8735,9.4,0.094,0.579,-17.3,0.373
s407,Inv,2023,0.837,8.8,0.073,0.533,-16.4,0.321
s408,Inv,2023,0.8905,8.5,0.053,0.5275,-18.5,0.26
s409,Inv,2023,0.826,9.2,0.039,0.5725,-15.9,0.133
s410,Inv,2023,0.8155,8.4,0.044,0.6295,-12.1,0.197
s411,Inv,2023,0.8745,8.1,0.045,0.568,-14.8,0.231
s412,Inv,2023,0.85,7.8,0.037,0.5725,-13.7,0.223
GMTF3,Turf,2023,1.8145,6.2,0.016,1.787,-19.33,0.149
s413,Inv,2023,0.8725,6.9,0.034,0.578,-14.5,0.183
s414,Inv,2023,0.827,7.6,0.034,0.5845,-13.1,0.199
s415,Inv,2023,0.828,6.7,0.031,0.5645,-14.9,0.227
s416,Inv,2023,0.8485,8.3,0.039,0.553,-13.8,0.217
s417,Inv,2023,0.8135,7.9,0.074,0.593,-17.1,0.319
PATD5,Turf,2023,1.8485,6,0.005,1.7205,-8.21,0.129
s418,Inv,2023,0.847,7.2,0.035,0.5555,-15.4,0.171
PGTC1,Turf,2023,1.8625,5.9,0.014,1.8035,-15.06,0.137
PGTC2,Turf,2023,1.866,5.9,0.011,1.82,-14.91,0.172
PYTE6,Turf,2023,1.7605,5.9,0.003,1.8465,-5.73,0.107
s419,Inv,2023,0.849,7.6,0.038,0.5925,-15.1,0.186
GMTF1,Turf,2023,1.831,5.8,0.013,1.794,-19.29,0.184
GMTF2,Turf,2023,1.8745,5.8,0.007,1.814,-13.79,0.101
GMTF4,Turf,2023,1.779,5.8,0.019,1.767,-19.06,0.156
s420,Inv,2023,0.845,7.7,0.043,0.509,-16.4,0.202
s421,Inv,2023,0.3625,7.6,0.057,0.1115,-18.9,0.285
SPTA6,Turf,2023,0.593,5.7,0.016,0.5805,-15.12,0.271
PGTC5,Turf,2023,1.793,5.7,0.011,1.7535,-13.89,0.136
PYTE2,Turf,2023,1.728,5.7,0.004,1.822,-7.3,0.123
PYTE4,Turf,2023,1.8625,5.7,0.004,1.793,-7.49,0.107
GMTF5,Turf,2023,1.81,5.7,0.011,1.852,-15.21,0.147
GETG3,Turf,2023,1.7975,5.7,0.009,1.86,-9.85,0.117
s422,Inv,2023,0.8575,7.4,0.03,0.524,-17,0.174
s423,Inv,2023,0.826,7.8,0.029,0.5545,-15.9,0.151
s424,Inv,2023,0.8925,7.8,0.049,0.536,-16.5,0.232
PGTC3,Turf,2023,1.89,5.5,0.012,1.8075,-12.95,0.179
GETG4,Turf,2023,1.8785,5.5,0.007,1.73,-15.71,0.126
GETG5,Turf,2023,1.7685,5.5,0.006,1.8705,-13.37,0.116
PATD2,Turf,2023,1.8525,5.4,0.008,1.765,-14.63,0.108
PATD3,Turf,2023,1.83,5.4,0.008,1.8775,-14.07,0.096
PATD4,Turf,2023,1.827,5.4,0.012,1.8365,-13.65,0.158
GETG2,Turf,2023,1.74,5.4,0.009,1.8335,-12.89,0.119
GETG6,Turf,2023,1.884,5.4,0.005,1.7785,,
s425,Inv,2023,0.837,5.3,0.038,0.5755,-16.5,0.171
GMTF6,Turf,2023,1.8435,5.3,0.008,1.8725,-13.16,0.152
s426,Inv,2023,2.5645,8.9,0.007,0.589,-24.5,0.033
s427,Inv,2023,2.0145,9.6,0.01,0.572,-20.3,0.066
PATD1,Turf,2023,1.747,5.1,0.018,1.721,-22.46,0.202
PYTE5,Turf,2023,1.8645,5.1,0.003,1.7335,-5.36,0.111
s428,Inv,2023,2.8935,10.2,0.005,0.507,-23.8,0.051
SPTA7,Turf,2023,1.437,4.9,0.012,1.849,-16.41,0.291
SPTA1,Turf,2023,1.8085,4.8,0.014,1.724,-18.07,0.158
SPTA3,Turf,2023,1.879,4.8,0.015,1.822,-14.65,0.194
SPTA4,Turf,2023,1.8105,4.7,0.014,1.8605,-18.71,0.151
SATB1,Turf,2023,1.8375,4.7,0.016,1.8145,-17.58,0.166
SATB2,Turf,2023,1.8385,4.6,0.015,1.8265,-14.06,0.197
SPTA2,Turf,2023,1.7535,4.5,0.009,1.8525,-13.48,0.141
GETG1,Turf,2023,0.224,4.5,0.007,0.4195,-28.87,0.024
SATB3,Turf,2023,1.8755,4.4,0.009,1.8055,-12.61,0.159
s53,Inv,2023,1.9825,10.1,0.011,0.5335,-19.7,0.073
SATB4,Turf,2023,1.767,4.2,0.009,1.7355,-12,0.156
s53B,Inv,2023,0.8285,9.1,0.075,0.619,-14.3,0.358
s54,Inv,2023,1.6765,9.4,0.018,0.558,-17.7,0.078
s276,Fish,2023,0.524,,,0.524,,
s300,Fish,2023,0.5515,,,0.5515,,
s061,Fish,2023,0.4115,,,0.4115,,
SPCA1,Detritus,2023,45.391,6.2,0.062077431,30.2995,-18.6,0.4
SPCA2,Detritus,2023,45.4295,5.6,0.066349812,30.403,,
SPCA3,Detritus,2023,45.295,6.5,0.049305861,30.4595,-17.5,0.4
SPCA4,Detritus,2023,45.054,5.8,0.069024448,30.06,-18,0.5
SPCA5,Detritus,2023,45.0075,6.9,0.035554071,30.014,-20.3,0.5
SPCA6,Detritus,2023,45.1005,5.6,0.075445115,30.501,-27.3,2.5
SACB1,Detritus,2023,45.181,5.6,0.036424577,30.1335,-28.07077531,1.7
SACB2,Detritus,2023,45.0495,5.8,0.041852531,30.0735,-23.73753267,1
SACB3,Detritus,2023,45.278,5.1,0.044020587,30.034,-24.79479456,1
SACB4,Detritus,2023,45.321,6.3,0.035161819,30.262,-25.60071565,0.8
SACB5,Detritus,2023,45.393,5.6,0.038681641,30.241,-23.4,0.9
SACB6,Detritus,2023,45.077,5.7,0.040319746,30.593,-25.3,0.8
PGCC1,Detritus,2023,45.0275,7,0.06670655,30.059,-17.5,0.4
PGCC2,Detritus,2023,45.4035,6.9,0.061842394,30.309,-17.8,0.5
PGCC3,Detritus,2023,45.023,6.7,0.063654311,30.3795,-19,0.6
PGCC4,Detritus,2023,45.142,6.8,0.060550922,30.133,-16.7,0.5
PGCC5,Detritus,2023,45.146,6.8,0.06308996,30.3845,-14.2,0.6
PGCC6,Detritus,2023,45.262,6.8,0.075617681,30.332,-15.1,0.6
PACD1,Detritus,2023,45.3375,6.3,0.062474704,30.339,-19.4,0.5
PYCE1,Detritus,2023,45.0135,5.5,0.06409155,30.363,-16,0.5
PYCE2,Detritus,2023,45.0275,5.9,0.050348702,30.153,-13,0.5
PYCE3,Detritus,2023,45.0505,5.8,0.047078006,30.2795,-13.1,0.5
PYCE4,Detritus,2023,45.1124,5.9,0.057865705,30.058,-16.1,0.4
PYCE5,Detritus,2023,45.2075,7.5,0.0269706,30.2135,-22,0.3
PYCE6,Detritus,2023,45.4435,7.9,0.02591013,30.016,-20.3,0.3
GMCF1,Detritus,2023,45.1645,6.4,0.078778293,30.5605,-18.6,0.5
GMCF2,Detritus,2023,45.0585,6.5,0.047875657,30.1555,-20.6,0.4
GMCF3,Detritus,2023,45.117,6.6,0.048062305,30.184,-23.2,0.5
GMCF4,Detritus,2023,45.4565,6.5,0.037198019,30.1905,-15.1,0.5
GMCF5,Detritus,2023,45.4565,6.6,0.063570176,30.2575,-19.9,0.5
GMCF6,Detritus,2023,45.3845,6.7,0.040756869,30.493,-12.1,0.6
GECG1,Detritus,2023,45.39,5.9,0.055976738,30.302,-14.8,0.8
GECG2,Detritus,2023,45.033,5.1,0.086957457,30.199,-13.4,0.8
GECG3,Detritus,2023,45.2735,6.2,0.046210682,30.4035,-22,0.5
GECG4,Detritus,2023,45.1575,4.5,0.08173864,30.4905,-17.6,1
GECG5,Detritus,2023,45.3545,5.1,0.060136763,30.0465,-23.4,1.1
GECG6,Detritus,2023,45.102,5.8,0.050012204,30.326,-21.4,0.6
SAL_Tak_Plkt,Zooplankton,2019,,6.8,0.080269022,,-20.5,0.416433094
SAL_AngN_Plkt,Zooplankton,2019,,6.1,0.069336481,,-21.5,0.44237914
SAL_Pass_Plkt,Zooplankton,2019,,7.1,0.086302221,,-21,0.436124587
SAL_AngS_Plkt,Zooplankton,2019,,6.6,0.076782406,,-20.1,0.387556765
SAL_Sel_Plkt,Zooplankton,2019,,6.8,0.102337463,,-20.9,0.49108934
SAL_Bod_Plkt,Zooplankton,2019,,7.1,0.098917206,,-20.5,0.506586131
PB_Mapu_Plkt,Zooplankton,2019,,6.6,0.078685957,,-20.3,0.384587735
PB_PS_Plkt,Zooplankton,2019,,6.4,0.042654879,,-21.2,0.248565761
PB_Poule_Plkt,Zooplankton,2019,,5.6,0.029905629,,-22.2,0.214498936
PB_Coq_Plkt,Zooplankton,2019,,6.4,0.098483267,,-21,0.456474594
PB_Mor_Plkt,Zooplankton,2019,,6.4,0.060832985,,-21.9,0.388009816
PB_Gab_Plkt,Zooplankton,2019,,5.4,0.053896027,,-21.8,0.325360964
PB_Yeye_Plkt,Zooplankton,2019,,6.6,0.074171183,,-20.7,0.407398858
PB_Coin_Plkt,Zooplankton,2019,,6.1,0.036070653,,-21.5,0.28070132
PB_Dia_Plkt,Zooplankton,2019,,7,0.088080969,,-19.6,0.447603784
PB_Pass25_Plkt,Zooplankton,2019,,6.7,0.026828794,,-20.9,0.191693189
PB_Poule_POM,POM,2019,,5.4,,,-22.7,
PB_Coq_POM,POM,2019,,7,,,-21.7,
PB_Mor_POM,POM,2019,,5.8,,,-22.7,
SAL_AngS_POM,POM,2019,,6,,,-23.5,
SAL_Pass_POM,POM,2019,,7.3,,,-21.3,
SAL_AngN_POM,POM,2019,,6.5,,,-21,
SAL_Bod_POM,POM,2019,,5.9,,,-22.4,
PB_Pass25_POM,POM,2019,,5.7,,,-22.5,
PB_Coin_POM,POM,2019,,6.1,,,-23.7,
065 HO,Coral,2021,,6.64,0.0328,,-11.94,0.1729
016 HO,Coral,2021,,7.07,0.029,,-11.34,0.161
050 HO,Coral,2021,,5.4,0.0264,,-11.15,0.1451
051 HO,Coral,2021,,4.45,0.0313,,-12.11,0.208
011-ANA HO,Coral,2021,,2.94,0.0176,,-14.24,0.13
093 ANG HO,Coral,2021,,3.99,0.0282,,-13.3,0.1814
ANG 022 HO,Coral,2021,,5.25,0.0203,,-13.99,0.1299
092 HO,Coral,2021,,3.86,0.0243,,-13.87,0.1687
ANA 022 HO,Coral,2021,,4.52,0.0228,,-20.41,0.227
Passe 048 HO,Coral,2021,,7.75,0.0274,,-13.69,0.1564
Passe 09G HO,Coral,2021,,8,0.0288,,-13.42,0.183
Passe 09I,Coral,2021,,7.43,0.0255,,-13.36,0.1487
Passe 09H HO,Coral,2021,,8.23,0.0301,,-12.64,0.1644
Fouquet 068 HO,Coral,2021,,5.41,0.0247,,-12.23,0.1443
Fouquet 053 HO,Coral,2021,,5.61,0.0244,,-13.88,0.1513
022 HO,Coral,2021,,5.22,0.0239,,-12,0.1322
017-HO,Coral,2021,,6.45,0.0302,,-12.3,0.1718
006 HO,Coral,2021,,5.56,0.0264,,-12.09,0.1447
002 HO,Coral,2021,,6.18,0.0282,,-11.37,0.155
Host_FC1,Coral,2019,,5.28,0.0365,,-14.41,0.2155
Host_FC2,Coral,2019,,6.88,0.0329,,-14.66,0.1847
Host_FC3,Coral,2019,,6.41,0.0324,,-14.06,0.1897
Host_FC4,Coral,2019,,7.31,0.03,,-13.34,0.1653
Host_FC5,Coral,2019,,7.1,0.0313,,-14.57,0.177
Host_NB,Coral,2019,,7.16,0.0436,,-12.43,0.2094
Host_NB-1,Coral,2019,,6.59,0.047,,-13.03,0.2449
Host_NB-2,Coral,2019,,6.8,0.0407,,-12.75,0.2259
Host_NB-3,Coral,2019,,6.52,0.0443,,-12.6,0.2263
Host_NB4,Coral,2019,,7.16,0.0459,,-13.05,0.2436
65,Symbiont,2021,,7.45,0.0871,,-11.58,0.5258
16,Symbiont,2021,,7.49,0.0881,,-11.43,0.4925
50,Symbiont,2021,,6.94,0.0838,,-11.91,0.518
51,Symbiont,2021,,6.07,0.0738,,-12.23,0.4729
ANA 011,Symbiont,2021,,5.35,0.0754,,-13.69,0.4919
093 ANG,Symbiont,2021,,5.28,0.0736,,-13.15,0.4896
ANG 022,Symbiont,2021,,4.69,0.0441,,-13.83,0.2582
92,Symbiont,2021,,5.74,0.0775,,-13.69,0.4783
ANA 022,Symbiont,2021,,5.31,0.0681,,-13.18,0.4186
Passe 048,Symbiont,2021,,8.88,0.0621,,-13.98,0.3891
Passe 09G,Symbiont,2021,,9.06,0.075,,-13.15,0.484
Passe 09I,Symbiont,2021,,9.37,0.0771,,-12.13,0.4779
Passe 09H   ,Symbiont,2021,,9.18,0.0772,,-12.38,0.4867
Fouquet 068,Symbiont,2021,,6.96,0.0735,,-12.2,0.4654
Fouquet 053,Symbiont,2021,,6.7,0.0683,,-14.72,0.4524
22,Symbiont,2021,,5.59,0.0785,,-12.56,0.4986
17,Symbiont,2021,,6.86,0.076,,-12.45,0.5101
6,Symbiont,2021,,7.27,0.0893,,-12.59,0.5242
2,Symbiont,2021,,7.4,0.0909,,-11.62,0.4962
Symbiont_1,Symbiont,2018,,6.19,0.0444,,-11.3,0.3061
Symbiont_2,Symbiont,2018,,6.31,0.0613,,-12.17,0.3844
Symbiont_3,Symbiont,2018,,6.05,0.049,,-12.17,0.3424
Symbiont_4,Symbiont,2018,,6.27,0.0597,,-13.4,0.3704
Symbiont_5,Symbiont,2018,,6.48,0.0624,,-12.49,0.3608
Symbiont_6,Symbiont,2018,,6.99,0.0556,,-11.9,0.3772
Symbiont_7,Symbiont,2018,,7.68,0.0667,,-12.81,0.4346
Symbiont_8,Symbiont,2018,,7.49,0.0721,,-13.48,0.4703
Symbiont_9,Symbiont,2018,,6.66,0.0671,,-11.25,0.4409
Symbiont_10,Symbiont,2018,,6.37,0.0501,,-12.68,0.3928
Symbiont_11,Symbiont,2018,,6.24,0.053,,-13.53,0.3974
Symbiont_12,Symbiont,2018,,6.47,0.0483,,-13.41,0.3748
Symbiont_13,Symbiont,2018,,6.12,0.0645,,-14.62,0.477
Symbiont_14,Symbiont,2018,,6.22,0.0696,,-15.58,0.4997
Symbiont_15,Symbiont,2018,,7.71,0.0467,,-9.26,0.3276
Symbiont_16,Symbiont,2018,,8.05,0.0561,,-10.14,0.3778
Symbiont_17,Symbiont,2018,,7.97,0.0684,,-12.25,0.4442
Symbiont_18,Symbiont,2018,,7.8,0.05,,-9.97,0.3455
Symbiont_19,Symbiont,2018,,8.14,0.0594,,-9.92,0.3855
Symbionts_FC1,Symbiont,2019,,6.89,0.0738,,-14.1,0.4384
Symbionts_FC-2,Symbiont,2019,,6.51,0.076,,-14.45,0.4619
Symbionts_FC3,Symbiont,2019,,6.61,0.0796,,-14.2,0.4788
Symbionts_FC4,Symbiont,2019,,6.45,0.0778,,-13.33,0.4745
Symbionts_FC5,Symbiont,2019,,7.03,0.0755,,-14.28,0.4385
Symbionts_NB,Symbiont,2019,,6.93,0.0707,,-13.32,0.5103
Symbionts_NB-1,Symbiont,2019,,6.77,0.0707,,-13.72,0.5417
Symbionts_NB-2,Symbiont,2019,,6.38,0.0587,,-13.38,0.5163
Symbionts_NB-3,Symbiont,2019,,6.92,0.0675,,-13.46,0.5432
Symbionts_NB-4,Symbiont,2019,,6.36,0.0639,,-13.75,0.534
Symbionts_PBK1,Symbiont,2019,,6.39,0.0926,,-14.22,0.5097
Symbionts_PBK1-1,Symbiont,2019,,6.67,0.0957,,-14.41,0.5276
Symbionts_PBK1-2,Symbiont,2019,,6.62,0.092,,-14.94,0.5575
Symbionts_PBK1-3,Symbiont,2019,,6.32,0.0875,,-14.19,0.5187
Symbionts_PBK1-4,Symbiont,2019,,6.14,0.0719,,-13.73,0.4571
Symbionts_2BK,Symbiont,2019,,5.8,0.082,,-14.16,0.4442
Symbionts_2BK-1,Symbiont,2019,,6.61,0.0848,,-13.59,0.5574
Symbionts_2BK-2,Symbiont,2019,,6.33,0.0848,,-13.7,0.5319
Symbionts_2BK-3,Symbiont,2019,,6.2,0.0805,,-14.75,0.4582
Symbionts_2BK-4,Symbiont,2019,,6.5,0.0951,,-14.85,0.5266
Symbionts_RR3,Symbiont,2019,,6.78,0.0684,,-15.7,0.4719
Symbionts_RR3-1,Symbiont,2019,,6.37,0.0544,,-15.66,0.4614
Symbionts_RR3-2,Symbiont,2019,,6.18,0.0679,,-13.68,0.5582
Symbionts_RR3-3,Symbiont,2019,,6.39,0.0751,,-16.46,0.5422
Symbionts_RR3-4,Symbiont,2019,,6.7,0.0621,,-12.82,0.4407
Acropora 06,Coral,2018,,5.15,,,,
Acropora 07,Coral,2018,,5.19,,,,
Acropora 08,Coral,2018,,5.11,,,,
Acropora 09,Coral,2018,,5.49,,,,
Acropora 10,Coral,2018,,5.39,,,,
Acropora 01,Coral,2018,,8.27,,,,
Acropora 02,Coral,2018,,7.41,,,,
Acropora 03,Coral,2018,,7.38,,,,
Acropora 04,Coral,2018,,7.4,,,,
Acropora 05,Coral,2018,,7.44,,,,
Symbiont_RTE01,Symbiont,2018,,6.86,0.0457,,-11.04,0.3297
Symbiont_RTE02,Symbiont,2018,,7.01,0.0656,,-11.55,0.4332
Symbiont_RTE03,Symbiont,2018,,6.77,0.0546,,-10.24,0.3561
Symbiont_RTE04,Symbiont,2018,,6.79,0.0567,,-9.43,0.3654
Symbiont_RTE05,Symbiont,2018,,6.64,0.0702,,-11.16,0.4189
Symbiont_RTE06,Symbiont,2018,,5.42,0.0725,,-14.08,0.4024
Symbiont_RTE07,Symbiont,2018,,5.2,0.0757,,-15.18,0.4199
Symbiont_RTE08,Symbiont,2018,,5.49,0.0718,,-12.52,0.4148
Symbiont_RTE09,Symbiont,2018,,5.4,0.0661,,-12.87,0.386
Symbiont_RTE10,Symbiont,2018,,5.87,0.0712,,-12.99,0.3918
Symbiont_RTE11,Symbiont,2018,,8,0.0731,,-11.99,0.3945
Symbiont_RTE12,Symbiont,2018,,7.68,0.0538,,-12.44,0.3429
Symbiont_RTE13,Symbiont,2018,,7.18,0.0403,,-14.77,0.2856
Symbiont_RTE14,Symbiont,2018,,7.78,0.0646,,-14.08,0.4093
Symbiont_RTE15,Symbiont,2018,,7.64,0.0717,,-12.62,0.4204
Symbiont_RTE16,Symbiont,2018,,6.24,0.0254,,-9.06,0.2313
Symbiont_RTE17,Symbiont,2018,,6.85,0.0639,,-11.6,0.3925
Symbiont_RTE18,Symbiont,2018,,6.81,0.0409,,-9.98,0.3027
Symbiont_RTE19,Symbiont,2018,,7.11,0.0605,,-10.99,0.384
Symbiont_RTE20,Symbiont,2018,,6.85,0.031,,-8.97,0.2378
Symbiont_RTE21,Symbiont,2018,,7.12,0.0554,,-12.26,0.3614
Symbiont_RTE22,Symbiont,2018,,7.29,0.0769,,-11.9,0.4555
Symbiont_RTE23,Symbiont,2018,,6.5,0.0659,,-13.26,0.4675
Symbiont_RTE24,Symbiont,2018,,6.35,0.0727,,-13.21,0.4576
Symbiont_RTE25,Symbiont,2018,,6.19,0.0615,,-12.71,0.4499
Symbiont_RTE26,Symbiont,2018,,6.25,0.0599,,-12.95,0.4222
Symbiont_RTE27,Symbiont,2018,,6.45,0.0801,,-14.07,0.4877
Symbiont_RTE28,Symbiont,2018,,7.6,0.0855,,-12.03,0.4895
Symbiont_RTE29,Symbiont,2018,,6.24,0.0612,,-12.69,0.3787
Symbiont_RTE30,Symbiont,2018,,7.01,0.0591,,-10.7,0.3829
Symbiont_RTE31,Symbiont,2018,,6.48,0.0696,,-12.2,0.4096
Symbiont_RTE32,Symbiont,2018,,7.32,0.066,,-11.2,0.3792
Symbiont_RTE33,Symbiont,2018,,7.66,0.0581,,-10.21,0.3629
Poop 01,Chaetrif_detritus,2023,,7.66,0.0658,,-13.11,0.3936
Poop 02,Chaetrif_detritus,2023,,8.83,0.0733,,-13.1,0.4611
Poop 03,Chaetrif_detritus,2023,,7.94,0.0666,,-12.92,0.3601
Poop 04,Chaetrif_detritus,2023,,7.79,0.0539,,-12.97,0.3009
Poop 05,Chaetrif_detritus,2023,,8.57,0.0509,,-13.19,0.4265
Poop 07,Chaetrif_detritus,2023,,8.48,0.0729,,-13.11,0.3239
Poop 08,Chaetrif_detritus,2023,,7.82,0.0475,,-12.72,0.2663
Poop 09,Chaetrif_detritus,2023,,8.71,0.0649,,-12.75,0.3236
Poop 10,Chaetrif_detritus,2023,,8.3,0.0569,,-12.95,0.3007
Poop 11,Chaetrif_detritus,2023,,7.26,0.062,,-13.47,0.4251
Poop 13,Chaetrif_detritus,2023,,9.05,0.074,,-13.45,0.346
Poop 14,Chaetrif_detritus,2023,,9.24,0.0671,,-13.39,0.4114
Poop 15,Chaetrif_detritus,2023,,9.7,0.0676,,-12.38,0.3371
Poop 16,Chaetrif_detritus,2023,,9.98,0.0696,,-13.01,0.3823
Poop 17,Chaetrif_detritus,2023,,9.8,0.0546,,-12.82,0.3319
Poop 18,Chaetrif_detritus,2023,,9.56,0.0615,,-12.88,0.3339
Poop 19,Chaetrif_detritus,2023,,9.92,0.0654,,-12.66,0.3376
Poop 20,Chaetrif_detritus,2023,,9.51,0.0637,,-13.45,0.3781
Poop 21,Chaetrif_detritus,2023,,8.83,0.0787,,-13.17,0.3627
Poop 22,Chaetrif_detritus,2023,,8.86,0.0686,,-14,0.3268
Poop 23,Chaetrif_detritus,2023,,9.69,0.0757,,-13.2,0.3489
Poop 24,Chaetrif_detritus,2023,,8.43,0.0676,,-13.71,0.375
Poop 25,Chaetrif_detritus,2023,,7.6,0.0604,,-13.82,0.3237
Poop 26,Chaetrif_detritus,2023,,8.65,0.0639,,-12.76,0.3137
Poop 27,Chaetrif_detritus,2023,,8.47,0.0724,,-13.21,0.3487
Poop 28,Chaetrif_detritus,2023,,8.51,0.06,,-15.59,0.3534
Poop 30,Chaetrif_detritus,2023,,8.73,0.0662,,-14.59,0.3846
Poop 32,Chaetrif_detritus,2023,,8.25,0.0548,,-14.68,0.2987
Poop 33,Chaetrif_detritus,2023,,8.82,0.0596,,-15.04,0.3454
Poop 34,Chaetrif_detritus,2023,,7.81,0.0539,,-13.79,0.2929
Poop 35,Chaetrif_detritus,2023,,8.57,0.0523,,-14.35,0.3364
Poop 36,Chaetrif_detritus,2023,,9.57,0.0505,,-13.81,0.3347
Poop 37,Chaetrif_detritus,2023,,9.93,0.0621,,-13.44,0.361
Poop 38,Chaetrif_detritus,2023,,9.35,0.0678,,-14.36,0.3592
Poop 39,Chaetrif_detritus,2023,,9.06,0.0646,,-13.94,0.3549
Poop 41,Chaetrif_detritus,2023,,10.23,0.0588,,-13.61,0.4246
Poop 40,Chaetrif_detritus,2023,,9.37,0.0609,,-13.74,0.3086
Poop 42,Chaetrif_detritus,2023,,9.31,0.0639,,-13.48,0.3365
Poop 43,Chaetrif_detritus,2023,,9.19,0.0662,,-13.86,0.3429
Poop 44,Chaetrif_detritus,2023,,9.44,0.0561,,-13.84,0.3241
Poop 45,Chaetrif_detritus,2023,,9.33,0.067,,-13.23,0.3283
Poop 46,Chaetrif_detritus,2023,,8.92,0.044,,-13.76,0.2806
Poop 47,Chaetrif_detritus,2023,,8.7,0.0471,,-13.98,0.2537
Poop 48,Chaetrif_detritus,2023,,8.87,0.0424,,-12.86,0.2464
Poop 49,Chaetrif_detritus,2023,,9.19,0.0794,,-13.78,0.3279
Poop 50,Chaetrif_detritus,2023,,9.27,0.0421,,-13.41,0.3015
Poop 51,Chaetrif_detritus,2023,,9.2,0.0467,,-12.39,0.2675
Poop 52,Chaetrif_detritus,2023,,9.65,0.0583,,-13.38,0.3335
Poop 53,Chaetrif_detritus,2023,,9.28,0.0488,,-13.66,0.2665
Poop 54,Chaetrif_detritus,2023,,9.13,0.0553,,-14.46,0.3357
Poop 55,Chaetrif_detritus,2023,,9.94,0.0734,,-12.14,0.3578
Poop 56,Chaetrif_detritus,2023,,8.38,0.061,,-13.48,0.351
eagle_plank_night1,Plank,2019,,5.485746673,,,,
Eagle night 1,Plank,2019,,6.009334744,,,,
Eagle night 1,Plank,2019,,6.017523349,,,,
Eagle night 1,Plank,2019,,6.224895481,,,,
Eagle plank day,Plank,2019,,6.293345369,,,,
Eagle plank day,Plank,2019,,6.309501604,,,,
Eagle night 1,Plank,2019,,6.33226758,,,,
Eagle plank day,Plank,2019,,6.382487905,,,,
Eagle plank day,Plank,2019,,6.503791923,,,,
Eagle night 1,Plank,2019,,6.635370688,,,,
Eagle plank day,Plank,2019,,6.691355557,,,,
eagle plank night 1,Plank,2019,,6.830232332,,,,
eagle_plank_day,Plank,2019,,6.872512823,,,,
Eagle Day,Plank,2019,,7.002855809,,,,
Eagle plank day,Plank,2019,,7.105084136,,,,
Fouquet day 17/04 (1),Plank,2021,,7.85,,,,
Fouquet n1 22/04 (2),Plank,2021,,8.29,,,,
Fouquet n2 22/04 (2),Plank,2021,,8.35,,,,
Fouquet n1 22/04 (3),Plank,2021,,8.36,,,,
Fouquet n2 22/04 (1),Plank,2021,,8.36,,,,
Fouquet n2 22/04 (3),Plank,2021,,8.45,,,,
Fouquet n1 22/04 (1),Plank,2021,,8.6,,,,
grand_coq_plank_day,Plank,2019,,4.874751519,,,,
Coq day 1,Plank,2019,,6.023771289,,,,
Coq plank day,Plank,2019,,6.245912175,,,,
Coq plank day,Plank,2019,,6.266514756,,,,
Coq night,Plank,2019,,6.354312766,,,,
Coq day 2,Plank,2019,,6.486388334,,,,
Coq plank day,Plank,2019,,6.494915521,,,,
Coq plank day,Plank,2019,,6.60682207,,,,
Coq plank night,Plank,2019,,6.721819656,,,,
Coq plank day,Plank,2019,,6.974550636,,,,
grand_coq_plank_night,Plank,2019,,6.976676883,,,,
Coq plank night,Plank,2019,,7.276151654,,,,
Coq plank day,Plank,2019,,7.290463171,,,,
Coq plank night,Plank,2019,,7.531678371,,,,
Coq plank night,Plank,2019,,7.554744736,,,,
Coq plank night,Plank,2019,,7.620032267,,,,
grand coq plank night,Plank,2019,,7.640599167,,,,
Mapou plank night,Plank,2019,,4.854941898,,,,
mapou_plank_night,Plank,2019,,5.018245901,,,,
Mapou plank night,Plank,2019,,5.148646556,,,,
Mapou Night,Plank,2019,,5.382327908,,,,
Mapou plank night,Plank,2019,,5.466583115,,,,
Mapou plank night,Plank,2019,,5.553828846,,,,
Mapou plank day,Plank,2019,,5.69606159,,,,
Mapou plank night,Plank,2019,,5.700541864,,,,
mapou_plank_day,Plank,2019,,6.535233827,,,,
Mapou plank day,Plank,2019,,6.979351421,,,,
Mapou plank,Plank,2019,,7.873093261,,,,
Mapou plank day,Plank,2019,,7.89591596,,,,
Mapou plank day,Plank,2019,,7.987204768,,,,
Mapou plank day,Plank,2019,,8.178728309,,,,
Mapou plank day,Plank,2019,,8.361262862,,,,
sal_anglaise_plank_night2,Plank,2019,,-0.837068451,,,,
Sal-anglaise plank night 2,Plank,2019,,-0.507345489,,,,
Sal-anglaise plank night 2,Plank,2019,,0.033713801,,,,
sal_anglaise_plank_night2,Plank,2019,,0.395091849,,,,
Sal-anglaise plank night 2,Plank,2019,,0.726111499,,,,
Sal-anglaise plank night 2,Plank,2019,,0.753654264,,,,
San Ang night 2,Plank,2019,,1.230972658,,,,
Sal ang night 1,Plank,2019,,1.294991395,,,,
Sal-anglaise plank night 2,Plank,2019,,1.307139296,,,,
Sal-anglaise plank night 2,Plank,2019,,1.318177325,,,,
sal_anglaise_plank_night2,Plank,2019,,1.7033819,,,,
sal_anglaise_plank_day,Plank,2019,,2.00051741,,,,
sal_anglaise_plank_day,Plank,2019,,3.717883494,,,,
Sal-anglaise plank day,Plank,2019,,3.787203055,,,,
sal_anglaise_plank_night1,Plank,2019,,3.850659408,,,,
Sal-anglaise plank night 1,Plank,2019,,3.981903719,,,,
Sal-anglaise plank day,Plank,2019,,4.110264148,,,,
Anglaise Day tow 22/04 (2),Plank,2021,,4.16,,,,
Sal-anglaise plank night 1,Plank,2019,,4.221504651,,,,
sal_anglaise_plank_day,Plank,2019,,4.230476838,,,,
Anglaise Day tow 22/04 (3),Plank,2021,,4.24,,,,
Sal-anglaise plank day,Plank,2019,,4.278743373,,,,
Sal-anglaise plank night 1,Plank,2019,,4.524274506,,,,
Sal-anglaise plank night 1,Plank,2019,,4.531526132,,,,
Sal-anglaise plank day,Plank,2019,,4.532638831,,,,
Sal-anglaise plank night 1,Plank,2019,,4.869620289,,,,
Anglaise Day tow 22/04 (1),Plank,2021,,4.88,,,,
Sal-anglaise plank day,Plank,2019,,5.046268633,,,,
Anglaise night 21/04/21 (2),Plank,2021,,5.11,,,,
Anglaise night 21/04/21 (3),Plank,2021,,5.12,,,,
Anglaise night 21/04/21 (1),Plank,2021,,5.4,,,,
Sal-anglaise plank night 1,Plank,2019,,5.587475579,,,,
Anglaise n2 21/04 (2),Plank,2021,,6.22,,,,
Anglaise n2 21/04 (3),Plank,2021,,6.31,,,,
Anglaise n2 21/04 (1),Plank,2021,,6.52,,,,
Mid bro night,Plank,2019,,5.728494345,,,,
Mid bro night,Plank,2019,,6.447771054,,,,
midbro_plank_night,Plank,2019,,6.454882014,,,,
Mid bro night,Plank,2019,,6.883451781,,,,
Mid bro night,Plank,2019,,7.131738402,,,,
mid bro plank night,Plank,2019,,7.292218874,,,,
Mid bro night,Plank,2019,,7.686230179,,,,
Mid bro night,Plank,2019,,7.722659334,,,,
Nelson tow 26/04/21 (1),Plank,2021,,6.3,,,,
passe_plank_night2,Plank,2019,,-1.012087886,,,,
Passe night 2,Plank,2019,,-0.516125911,,,,
Passe plank night (B),Plank,2019,,0.715000552,,,,
passe_plank_night2,Plank,2019,,1.289402755,,,,
Passe plank night (B),Plank,2019,,1.651260521,,,,
Passe plank night (B),Plank,2019,,1.732327446,,,,
Passe plank night (B),Plank,2019,,1.812269895,,,,
Passe plank night (B),Plank,2019,,1.920658659,,,,
Passe plank night 2,Plank,2019,,2.346125051,,,,
passe_plank_night2,Plank,2019,,2.977585311,,,,
Passe n1_1804 (3),Plank,2021,,3.69,,,,
Pass n2 18/04 (3),Plank,2021,,3.87,,,,
Pass n2 18/04 (1),Plank,2021,,4.01,,,,
Passe n1_1804 (1),Plank,2021,,4.22,,,,
Passe n1_1804 (2),Plank,2021,,4.36,,,,
Pass n2 18/04 (2),Plank,2021,,4.42,,,,
Pass tow 22/04 (1),Plank,2021,,4.71,,,,
Pass tow 22/04 (2),Plank,2021,,5.47,,,,
Passe night 1,Plank,2019,,5.6076852,,,,
passe_plank_night1,Plank,2019,,5.771206602,,,,
Pass tow 22/04 (3),Plank,2021,,6.02,,,,
Passe plank night (A),Plank,2019,,6.03955848,,,,
Passe plank night (A),Plank,2019,,6.222855144,,,,
Passe plank night (A),Plank,2019,,6.708361942,,,,
Passe plank night (A),Plank,2019,,6.999216733,,,,
Passe plank night (A),Plank,2019,,7.096086369,,,,
passe_plank_day,Plank,2019,,7.300473137,,,,
passe plank night 1,Plank,2019,,7.327605619,,,,
Passe plank day,Plank,2019,,8.288625134,,,,
Passe plank day,Plank,2019,,8.406662621,,,,
Passe plank day,Plank,2019,,8.58772894,,,,
Passe plank day,Plank,2019,,10.03819142,,,,
S Bro Night 1 (2) 20,Plank,2020,,5.82,,,,
S Bro Night 2 (2) 20,Plank,2020,,7.75,,,,
S Bro Night 2 (1) 20,Plank,2020,,8.07,,,,
South Brother_Night,Plank,2020,,8.19,,,,
S Bro Night 1 (3) 20,Plank,2020,,8.21,,,,
Eagle plank day,Plank_day,2019,,6.293345369,,,,
Eagle plank day,Plank_day,2019,,6.309501604,,,,
Eagle plank day,Plank_day,2019,,6.382487905,,,,
Eagle plank day,Plank_day,2019,,6.503791923,,,,
Eagle plank day,Plank_day,2019,,6.691355557,,,,
eagle_plank_day,Plank_day,2019,,6.872512823,,,,
Eagle Day,Plank_day,2019,,7.002855809,,,,
Eagle plank day,Plank_day,2019,,7.105084136,,,,
Fouquet day 17/04 (1),Plank_day,2021,,7.85,,,,
grand_coq_plank_day,Plank_day,2019,,4.874751519,,,,
Coq day 1,Plank_day,2019,,6.023771289,,,,
Coq plank day,Plank_day,2019,,6.245912175,,,,
Coq plank day,Plank_day,2019,,6.266514756,,,,
Coq day 2,Plank_day,2019,,6.486388334,,,,
Coq plank day,Plank_day,2019,,6.494915521,,,,
Coq plank day,Plank_day,2019,,6.60682207,,,,
Coq plank day,Plank_day,2019,,6.974550636,,,,
Coq plank day,Plank_day,2019,,7.290463171,,,,
Mapou plank day,Plank_day,2019,,5.69606159,,,,
mapou_plank_day,Plank_day,2019,,6.535233827,,,,
Mapou plank day,Plank_day,2019,,6.979351421,,,,
Mapou plank,Plank_day,2019,,7.873093261,,,,
Mapou plank day,Plank_day,2019,,7.89591596,,,,
Mapou plank day,Plank_day,2019,,7.987204768,,,,
Mapou plank day,Plank_day,2019,,8.178728309,,,,
Mapou plank day,Plank_day,2019,,8.361262862,,,,
sal_anglaise_plank_day,Plank_day,2019,,2.00051741,,,,
sal_anglaise_plank_day,Plank_day,2019,,3.717883494,,,,
Sal-anglaise plank day,Plank_day,2019,,3.787203055,,,,
Sal-anglaise plank day,Plank_day,2019,,4.110264148,,,,
Anglaise Day tow 22/04 (2),Plank_day,2021,,4.16,,,,
sal_anglaise_plank_day,Plank_day,2019,,4.230476838,,,,
Anglaise Day tow 22/04 (3),Plank_day,2021,,4.24,,,,
Sal-anglaise plank day,Plank_day,2019,,4.278743373,,,,
Sal-anglaise plank day,Plank_day,2019,,4.532638831,,,,
Anglaise Day tow 22/04 (1),Plank_day,2021,,4.88,,,,
Sal-anglaise plank day,Plank_day,2019,,5.046268633,,,,
Nelson tow 26/04/21 (1),Plank_day,2021,,6.3,,,,
Pass tow 22/04 (1),Plank_day,2021,,4.71,,,,
Pass tow 22/04 (2),Plank_day,2021,,5.47,,,,
Pass tow 22/04 (3),Plank_day,2021,,6.02,,,,
passe_plank_day,Plank_day,2019,,7.300473137,,,,
Passe plank day,Plank_day,2019,,8.288625134,,,,
Passe plank day,Plank_day,2019,,8.406662621,,,,
Passe plank day,Plank_day,2019,,8.58772894,,,,
Passe plank day,Plank_day,2019,,10.03819142,,,,
eagle_plank_night1,Plank_night,2019,,5.485746673,,,,
Eagle night 1,Plank_night,2019,,6.009334744,,,,
Eagle night 1,Plank_night,2019,,6.017523349,,,,
Eagle night 1,Plank_night,2019,,6.224895481,,,,
Eagle night 1,Plank_night,2019,,6.33226758,,,,
Eagle night 1,Plank_night,2019,,6.635370688,,,,
eagle plank night 1,Plank_night,2019,,6.830232332,,,,
Fouquet n1 22/04 (2),Plank_night,2021,,8.29,,,,
Fouquet n2 22/04 (2),Plank_night,2021,,8.35,,,,
Fouquet n1 22/04 (3),Plank_night,2021,,8.36,,,,
Fouquet n2 22/04 (1),Plank_night,2021,,8.36,,,,
Fouquet n2 22/04 (3),Plank_night,2021,,8.45,,,,
Fouquet n1 22/04 (1),Plank_night,2021,,8.6,,,,
Coq night,Plank_night,2019,,6.354312766,,,,
Coq plank night,Plank_night,2019,,6.721819656,,,,
grand_coq_plank_night,Plank_night,2019,,6.976676883,,,,
Coq plank night,Plank_night,2019,,7.276151654,,,,
Coq plank night,Plank_night,2019,,7.531678371,,,,
Coq plank night,Plank_night,2019,,7.554744736,,,,
Coq plank night,Plank_night,2019,,7.620032267,,,,
grand coq plank night,Plank_night,2019,,7.640599167,,,,
Mapou plank night,Plank_night,2019,,4.854941898,,,,
mapou_plank_night,Plank_night,2019,,5.018245901,,,,
Mapou plank night,Plank_night,2019,,5.148646556,,,,
Mapou Night,Plank_night,2019,,5.382327908,,,,
Mapou plank night,Plank_night,2019,,5.466583115,,,,
Mapou plank night,Plank_night,2019,,5.553828846,,,,
Mapou plank night,Plank_night,2019,,5.700541864,,,,
sal_anglaise_plank_night2,Plank_night,2019,,-0.837068451,,,,
Sal-anglaise plank night 2,Plank_night,2019,,-0.507345489,,,,
Sal-anglaise plank night 2,Plank_night,2019,,0.033713801,,,,
sal_anglaise_plank_night2,Plank_night,2019,,0.395091849,,,,
Sal-anglaise plank night 2,Plank_night,2019,,0.726111499,,,,
Sal-anglaise plank night 2,Plank_night,2019,,0.753654264,,,,
San Ang night 2,Plank_night,2019,,1.230972658,,,,
Sal ang night 1,Plank_night,2019,,1.294991395,,,,
Sal-anglaise plank night 2,Plank_night,2019,,1.307139296,,,,
Sal-anglaise plank night 2,Plank_night,2019,,1.318177325,,,,
sal_anglaise_plank_night2,Plank_night,2019,,1.7033819,,,,
sal_anglaise_plank_night1,Plank_night,2019,,3.850659408,,,,
Sal-anglaise plank night 1,Plank_night,2019,,3.981903719,,,,
Sal-anglaise plank night 1,Plank_night,2019,,4.221504651,,,,
Sal-anglaise plank night 1,Plank_night,2019,,4.524274506,,,,
Sal-anglaise plank night 1,Plank_night,2019,,4.531526132,,,,
Sal-anglaise plank night 1,Plank_night,2019,,4.869620289,,,,
Anglaise night 21/04/21 (2),Plank_night,2021,,5.11,,,,
Anglaise night 21/04/21 (3),Plank_night,2021,,5.12,,,,
Anglaise night 21/04/21 (1),Plank_night,2021,,5.4,,,,
Sal-anglaise plank night 1,Plank_night,2019,,5.587475579,,,,
Anglaise n2 21/04 (2),Plank_night,2021,,6.22,,,,
Anglaise n2 21/04 (3),Plank_night,2021,,6.31,,,,
Anglaise n2 21/04 (1),Plank_night,2021,,6.52,,,,
Mid bro night,Plank_night,2019,,5.728494345,,,,
Mid bro night,Plank_night,2019,,6.447771054,,,,
midbro_plank_night,Plank_night,2019,,6.454882014,,,,
Mid bro night,Plank_night,2019,,6.883451781,,,,
Mid bro night,Plank_night,2019,,7.131738402,,,,
mid bro plank night,Plank_night,2019,,7.292218874,,,,
Mid bro night,Plank_night,2019,,7.686230179,,,,
Mid bro night,Plank_night,2019,,7.722659334,,,,
passe_plank_night2,Plank_night,2019,,-1.012087886,,,,
Passe night 2,Plank_night,2019,,-0.516125911,,,,
Passe plank night (B),Plank_night,2019,,0.715000552,,,,
passe_plank_night2,Plank_night,2019,,1.289402755,,,,
Passe plank night (B),Plank_night,2019,,1.651260521,,,,
Passe plank night (B),Plank_night,2019,,1.732327446,,,,
Passe plank night (B),Plank_night,2019,,1.812269895,,,,
Passe plank night (B),Plank_night,2019,,1.920658659,,,,
Passe plank night 2,Plank_night,2019,,2.346125051,,,,
passe_plank_night2,Plank_night,2019,,2.977585311,,,,
Passe n1_1804 (3),Plank_night,2021,,3.69,,,,
Pass n2 18/04 (3),Plank_night,2021,,3.87,,,,
Pass n2 18/04 (1),Plank_night,2021,,4.01,,,,
Passe n1_1804 (1),Plank_night,2021,,4.22,,,,
Passe n1_1804 (2),Plank_night,2021,,4.36,,,,
Pass n2 18/04 (2),Plank_night,2021,,4.42,,,,
Passe night 1,Plank_night,2019,,5.6076852,,,,
passe_plank_night1,Plank_night,2019,,5.771206602,,,,
Passe plank night (A),Plank_night,2019,,6.03955848,,,,
Passe plank night (A),Plank_night,2019,,6.222855144,,,,
Passe plank night (A),Plank_night,2019,,6.708361942,,,,
Passe plank night (A),Plank_night,2019,,6.999216733,,,,
Passe plank night (A),Plank_night,2019,,7.096086369,,,,
passe plank night 1,Plank_night,2019,,7.327605619,,,,
S Bro Night 1 (2) 20,Plank_night,2020,,5.82,,,,
S Bro Night 2 (2) 20,Plank_night,2020,,7.75,,,,
S Bro Night 2 (1) 20,Plank_night,2020,,8.07,,,,
South Brother_Night,Plank_night,2020,,8.19,,,,
S Bro Night 1 (3) 20,Plank_night,2020,,8.21,,,,
