ID,Site,GENSPE,FAM,TL,W,,,,
A001,A,Plectroglyphidodon lacrymatus,Pomacentridae,83,NA,,,,
A002,A,Pseudogramma polyacantha,Serranidae,40,NA,,,,
A003,A,Eviota guttata,Gobiidae,20.5,NA,,,,
A004,A,Eviota guttata,Gobiidae,16,NA,,,,
A005,A,Eviota guttata,Gobiidae,17.5,NA,,,,
A006,A,Callogobius sclateri,Gobiidae,13,NA,,,,
A007,A,Eviota distigma,Gobiidae,17.5,NA,,,,
A008,A,Eviota zebrina,Gobiidae,13.5,NA,,,,
A009,A,Eviota sigillata,Gobiidae,15,NA,,,,
A010,A,Eviota zebrina,Gobiidae,12.5,NA,,,,
A011,A,Eviota prasina,Gobiidae,10.5,NA,,,,
A012,A,Eviota guttata,Gobiidae,21,NA,,,,
A013,A,Eviota guttata,Gobiidae,12,NA,,,,
A014,A,Eviota sp6,Gobiidae,11,NA,,,,
A015,A,Eviota infulata,Gobiidae,10,NA,,,,
A016,A,Eviota infulata,Gobiidae,9,NA,,,,
A017,A,Eviota prasina,Gobiidae,8,NA,,,,
A018,A,Eviota prasina,Gobiidae,6,NA,,,,
A019,A,Pseudamiops gracilicauda,Gobiidae,19,NA,,,,
A020,A,Eviota infulata,Gobiidae,9,NA,,,,
A021,A,Eviota guttata,Gobiidae,6,NA,,,,
B001,B,Cephalopolis leoparda,Serranidae,98,NA,,,,
B002,B,Stegastes nigricans,Serranidae,86,NA,,,,
B003,B,Istigobius decoratus,Gobiidae,51,NA,,,,
B004,B,Dascyllus abudafur,Pomacentridae,35,NA,,,,
B005,B,Gobiodon micropus,Gobiidae,27,NA,,,,
B006,B,Chlidichthys chagosensis,Pseudochromidae,30,NA,,,,
B007,B,Gobiodon micropus,Gobiidae,26,NA,,,,
B008,B,Pseudocheilinus hexataenia,Labridae,30,NA,,,,
B009,B,Apogon campbelli,Apogonidae,22,NA,,,,
B010,B,Eviota prasina,Gobiidae,13,NA,,,,
B011,B,Eviota prasina,Gobiidae,13,NA,,,,
B012,B,Eviota distigma,Gobiidae,16,NA,,,,
B013,B,Eviota prasina,Gobiidae,15,NA,,,,
B014,B,Eviota distigma,Gobiidae,14,NA,,,,
B015,B,Eviota distigma,Gobiidae,11,NA,,,,
B016,B,Fowleria vaiulae,Apogonidae,90,NA,,,,
B017,B,Eviota prasina,Gobiidae,13,NA,,,,
B018,B,Eviota distigma,Gobiidae,12,NA,,,,
B019,B,Eviota prasina,Gobiidae,10,NA,,,,
B020,B,Eviota prasina,Gobiidae,12,NA,,,,
B021,B,Eviota prasina,Gobiidae,9,NA,,,,
B022,B,Eviota prasina,Gobiidae,6,NA,,,,
B023,B,Pleurosicya labiata,Gobiidae,9,NA,,,,
B024,B,Dascyllus abudafur,Pomacentridae,NA,NA,,,,
B025,B,Eviota prasina,Gobiidae,8.17,0.001,,,,
B026,B,Eviota prasina,Gobiidae,8.8,0.005,,,,
B027,B,Eviota prasina,Gobiidae,NA,NA,,,,
B028,B,Labridae sp,Labridae,8.54,0.001,,,,
B029,B,Eviota prasina,Gobiidae,8.83,0.001,,,,
B030,B,Eviota prasina,Gobiidae,11.68,0.011,,,,
B031,B,Eviota prasina,Gobiidae,8.02,0.004,,,,
B032,B,Eviota prasina,Gobiidae,8.86,0.004,,,,
B033,B,Eviota prasina,Gobiidae,9.21,0.003,,,,
B034,B,Eviota prasina,Gobiidae,8.75,0.006,,,,
B035,B,Labridae sp,Labridae,9.53,0.008,,,,
C001,C,Eviota zebrina,Gobiidae,17.16,0.01,,,,
C002,C,Eviota zebrina,Gobiidae,17.4,0.011,,,,
C003,C,Eviota zebrina,Gobiidae,18.6,0.037,,,,
C004,C,Eviota sebreei,Gobiidae,15.67,0.026,,,,
C005,C,Eviota sebreei,Gobiidae,13.21,0.015,,,,
C006,C,Asterropteryx ensifera,Gobiidae,14.68,0.023,,,,
C007,C,Callogobius sclateri,Gobiidae,18.08,0.052,,,,
C008,C,Gobiodon rivulatus,Gobiidae,15.69,0.059,,,,
C009,C,Pristiapogon abrogramma,Apogonidae,21.95,0.061,,,,
C010,C,Pristiapogon abrogramma,Apogonidae,23.1,0.077,,,,
C011,C,Pristiapogon abrogramma,Apogonidae,25.05,0.113,,,,
C012,C,Callogobius flavobrunneus,Gobiidae,26.84,0.201,,,,
C013,C,Dascyllus abudafur,Pomacentridae,21.99,0.199,,,,
C014,C,Dascyllus abudafur,Pomacentridae,29.33,0.541,,,,
C015,C,Fusigobius neophytus,Gobiidae,54.08,1.496,,,,
C016,C,Eviota sp6,Gobiidae,13.38,0.016,,,,
C017,C,Eviota infulata,Gobiidae,14.4,0.019,,,,
C019,C,Eviota prasina,Gobiidae,13.67,0.018,,,,
C020,C,Eviota infulata,Gobiidae,13.44,0.016,,,,
C021,C,Eviota prasina,Gobiidae,11.01,0.003,,,,
C022,C,Halichoeres hortulanus,Labridae,11.28,0.007,,,,
C023,C,Dascyllus abudafur,Pomacentridae,9.89,0.007,,,,
C024,C,Fusigobius neophytus,Gobiidae,15.45,0.014,,,,
C025,C,Eviota sebreei,Gobiidae,13.27,0.007,,,,
C026,C,Eviota sebreei,Gobiidae,9.99,0.005,,,,
C027,C,Eviota distigma,Gobiidae,9.78,0.004,,,,
C028,C,Eviota sebreei,Gobiidae,9.36,0.004,,,,
C029,C,Eviota sebreei,Gobiidae,9.07,0.003,,,,
C030,C,Eviota distigma,Gobiidae,9.54,0.004,,,,
C031,C,Eviota sebreei,Gobiidae,10.13,0.005,,,,
C032,C,Eviota sebreei,Gobiidae,10.01,0.004,,,,
C033,C,Eviota prasina,Gobiidae,9.88,0.003,,,,
C034,C,Eviota sebreei,Gobiidae,9.17,0.003,,,,
C035,C,Eviota sebreei,Gobiidae,9.02,0.002,,,,
C036,C,Eviota prasina,Gobiidae,8.66,0.002,,,,
C037,C,Dascyllus abudafur,Pomacentridae,41.09,1.6,,,,
D001,D,Chromis viridis,Pomacentridae,39.44,0.876,,,,
D002,D,Chromis viridis,Pomacentridae,40.71,1.189,,,,
D003,D,Chromis viridis,Pomacentridae,33.62,0.452,,,,
D004,D,Fusigobius neophytus,Gobiidae,38.8,0.533,,,,
D005,D,Chlidichthys chagosensis,Pseudochromidae,35.99,0.478,,,,
D006,D,Pomacentrus caeruleus,Pomacentridae,21.07,0.103,,,,
D007,D,Dascyllus abudafur,Pomacentridae,18.65,0.115,,,,
D008,D,Dascyllus abudafur,Pomacentridae,12.47,0.045,,,,
D009,D,Priolepis cincta,Gobiidae,30.05,0.222,,,,
D010,D,Priolepis cincta,Gobiidae,19.72,0.071,,,,
D011,D,Priolepis cincta,Gobiidae,22.26,0.079,,,,
D012,D,Vanderhorstia ornatissima,Gobiidae,26.45,0.089,,,,
D013,D,Istigobius decoratus,Gobiidae,27.96,0.156,,,,
D014,D,Eviota guttata,Gobiidae,20.82,0.074,,,,
D015,D,Eviota distigma,Gobiidae,19.59,0.077,,,,
D016,D,Pristiapogon abrogramma,Apogonidae,NA,NA,,,,
D017,D,Eviota sebreei,Gobiidae,17.11,0.037,,,,
D018,D,Eviota sebreei,Gobiidae,15.89,0.027,,,,
D019,D,Eviota sebreei,Gobiidae,17.43,0.041,,,,
D020,D,Eviota sebreei,Gobiidae,16.61,0.038,,,,
D021,D,Eviota prasina,Gobiidae,14.46,0.026,,,,
D022,D,Eviota prasina,Gobiidae,13.95,0.025,,,,
D023,D,Eviota prasina,Gobiidae,11.03,0.011,,,,
D024,D,Eviota guttata,Gobiidae,13.43,0.014,,,,
D025,D,Eviota prasina,Gobiidae,12.96,0.021,,,,
D026,D,Fusigobius neophytus,Gobiidae,NA,NA,,,,
D027,D,Labridae sp,Labridae,12.72,0.017,,,,
D028,D,Eviota guttata,Gobiidae,13.81,0.014,,,,
D029,D,Eviota prasina,Gobiidae,11.55,0.016,,,,
D030,D,Eviota prasina,Gobiidae,9.92,0.011,,,,
D031,D,Eviota distigma,Gobiidae,10.98,0.013,,,,
D032,D,Eviota distigma,Gobiidae,10.95,0.016,,,,
D033,D,Eviota prasina,Gobiidae,NA,0.07,,,,
D034,D,Eviota prasina,Gobiidae,8.16,0.002,,,,
D035,D,Eviota distigma,Gobiidae,8.57,0.002,,,,
D036,D,Eviota distigma,Gobiidae,NA,0.004,,,,
D037,D,Eviota prasina,Gobiidae,7.81,0.003,,,,
D038,D,Eviota prasina,Gobiidae,8.31,0.005,,,,
D039,D,Eviota prasina,Gobiidae,7.88,0.001,,,,
D040,D,Eviota prasina,Gobiidae,NA,0.003,,,,
D041,D,Eviota prasina,Gobiidae,8.41,0.004,,,,
D042,D,Eviota prasina,Gobiidae,NA,0.003,,,,
D043,D,Eviota prasina,Gobiidae,8.86,0.003,,,,
D044,D,Chromis viridis,Pomacentridae,37.23,0.801,,,,
D045,D,Chromis viridis,Pomacentridae,32.74,NA,,,,
D046,D,Chromis viridis,Pomacentridae,38.95,0.909,,,,
D047,D,Chromis viridis,Pomacentridae,41.32,1.008,,,,
D048,D,Chromis viridis,Pomacentridae,33.91,0.588,,,,
D049,D,Dascyllus abudafur,Pomacentridae,35.37,0.967,,,,
D050,D,Saurida gracilis,Synodontidae,50.06,1.015,,,,
D051,D,Dascyllus abudafur,Pomacentridae,81.05,11.328,,,,
D052,D,Stegastes lacrymatus,Pomacentridae,48.97,NA,,,,
E001,E,Pseudocheilinus hexataenia,Labridae,39.03,0.868,,,,
E002,E,Gobiodon rivulatus,Gobiidae,30.3,0.584,,,,
E003,E,Pomacentrus caeruleus,Pomacentridae,28.1,0.271,,,,
E004,E,Pomacentrus caeruleus,Pomacentridae,22.04,0.093,,,,
E005,E,Pomacentrus caeruleus,Pomacentridae,21.55,0.1,,,,
E006,E,Pomacentrus caeruleus,Pomacentridae,22.12,0.135,,,,
E007,E,Stegastes nigricans,Pomacentridae,19.34,0.106,,,,
E008,E,Stegastes nigricans,Pomacentridae,16.37,0.067,,,,
E009,E,Dascyllus abudafur,Pomacentridae,30.88,0.635,,,,
E010,E,Fusigobius neophytus,Gobiidae,23.01,0.086,,,,
E011,E,Fusigobius neophytus,Gobiidae,18.99,0.057,,,,
E012,E,Labrichthys unilineatus,Labridae,9.8,0.006,,,,
E013,E,Eviota sebreei,Gobiidae,16.81,0.042,,,,
E014,E,Fowleria vaiulae,Apogonidae,15.26,0.036,,,,
E015,E,Pleurosicya mossambica,Gobiidae,16.05,0.028,,,,
E016,E,Eviota guttata,Gobiidae,17.17,0.038,,,,
E017,E,Eviota guttata,Gobiidae,13.37,0.014,,,,
E018,E,Eviota guttata,Gobiidae,14.22,0.014,,,,
E019,E,Eviota guttata,Gobiidae,13.33,0.014,,,,
E020,E,Eviota guttata,Gobiidae,14.15,0.017,,,,
E021,E,Pleurosicya mossambica,Gobiidae,12.69,0.009,,,,
E022,E,Eviota guttata,Gobiidae,13.16,0.016,,,,
E023,E,Eviota sebreei,Gobiidae,10.62,0.006,,,,
E024,E,Eviota sebreei,Gobiidae,11.63,0.006,,,,
E025,E,Eviota sebreei,Gobiidae,10.5,0.004,,,,
E026,E,Eviota sebreei,Gobiidae,10.43,0.005,,,,
E027,E,Eviota sebreei,Gobiidae,NA,0.006,,,,
E028,E,Fusigobius neophytus,Gobiidae,NA,0.011,,,,
E029,E,Amblygobius phalaena,Gobiidae,13.23,0.008,,,,
E030,E,Amblygobius phalaena,Gobiidae,18.35,0.026,,,,
E031,E,Dascyllus abudafur,Pomacentridae,36.26,1.041,,,,
E032,E,Dascyllus abudafur,Pomacentridae,24.6,0.34,,,,
E033,E,Pomacentrus caeruleus,Pomacentridae,50.75,1.993,,,,
E034,E,Gobiodon rivulatus,Gobiidae,29.24,0.593,,,,
E035,E,Gobiodon rivulatus,Gobiidae,29.85,0.49,,,,
E036,E,Gobiodon rivulatus,Gobiidae,29.26,0.558,,,,
E037,E,Fusigobius neophytus,Gobiidae,40.78,0.741,,,,
E038,E,Dascyllus abudafur,Pomacentridae,21.77,0.24,,,,
E039,E,Pomacentrus caeruleus,Pomacentridae,38.82,0.836,,,,
E040,E,Gobiodon rivulatus,Gobiidae,30.25,0.565,,,,
E041,E,Chlidichthys chagosensis,Pseudochromidae,40.24,0.655,,,,
E042,E,Chromis viridis,Pomacentridae,36.17,NA,,,,
F001,F,Chlidichthys chagosensis,Pseudochromidae,36.63,0.497,,,,
F002,F,Fusigobius neophytus,Gobiidae,43.44,0.748,,,,
F003,F,Fusigobius neophytus,Gobiidae,32.34,0.296,,,,
F004,F,Gnatholepis cauerensis,Gobiidae,35.01,0.51,,,,
F005,F,Fusigobius neophytus,Gobiidae,32.39,0.34,,,,
F006,F,Congridae sp,Congridae,37.79,0.051,,,,
F007,F,Eviota zebrina,Gobiidae,18.83,0.04,,,,
F008,F,Eviota distigma,Gobiidae,19.1,0.063,,,,
F009,F,Eviota distigma,Gobiidae,19.15,0.057,,,,
F010,F,Eviota distigma,Gobiidae,19.04,0.07,,,,
F011,F,Eviota distigma,Gobiidae,18.62,0.076,,,,
F012,F,Feia nympha,Gobiidae,16.66,0.049,,,,
F013,F,Eviota zebrina,Gobiidae,17.09,0.037,,,,
F014,F,Eviota zebrina,Gobiidae,16.95,0.035,,,,
F015,F,Eviota infulata,Gobiidae,13.13,0.018,,,,
F016,F,Eviota infulata,Gobiidae,13.44,0.016,,,,
F017,F,Eviota infulata,Gobiidae,13.6,0.016,,,,
F018,F,Eviota infulata,Gobiidae,12.88,0.026,,,,
F019,F,Chlidichthys chagosensis,Pseudochromidae,14.62,0.021,,,,
F020,F,Eviota guttata,Gobiidae,13.98,0.016,,,,
F021,F,Pseudocheilinus hexataenia,Labridae,11.43,0.016,,,,
F022,F,Eviota guttata,Gobiidae,14.1,0.021,,,,
F023,F,Eviota guttata,Gobiidae,13.6,0.018,,,,
F024,F,Eviota guttata,Gobiidae,9.2,NA,,,,
F025,F,Eviota infulata,Gobiidae,13.07,0.019,,,,
F026,F,Eviota distigma,Gobiidae,8.66,0.01,,,,
F027,F,Eviota prasina,Gobiidae,9.22,0.006,,,,
F028,F,Eviota springeri,Gobiidae,7.67,0.001,,,,
G001,G,Muraenidae sp,Muraenidae,104.76,1.186,,,,
G002,G,Muraenidae sp,Muraenidae,51.34,0.073,,,,
G003,G,Chlidichthys chagosensis,Pseudochromidae,34.09,0.394,,,,
G004,G,Fowleria marmorata,Apogonidae,22.54,0.132,,,,
G005,G,Eviota sebreei,Gobiidae,16.26,0.034,,,,
G006,G,Eviota guttata,Gobiidae,20.87,0.08,,,,
G007,G,Eviota guttata,Gobiidae,14.12,0.017,,,,
G008,G,Eviota sebreei,Gobiidae,16.37,0.032,,,,
G009,G,Eviota guttata,Gobiidae,13.62,0.019,,,,
G010,G,Eviota guttata,Gobiidae,13.97,0.016,,,,
G011,G,Eviota guttata,Gobiidae,13.33,0.016,,,,
G012,G,Chromis viridis,Pomacentridae,11.53,0.017,,,,
G013,G,Chromis viridis,Pomacentridae,10.4,0.015,,,,
G014,G,Chromis viridis,Pomacentridae,9.87,0.014,,,,
G015,G,Eviota sebreei,Gobiidae,10.77,0.005,,,,
G016,G,Eviota sebreei,Gobiidae,11.27,0.008,,,,
G017,G,Eviota sebreei,Gobiidae,10.47,0.005,,,,
G018,G,Eviota sebreei,Gobiidae,11.09,0.007,,,,
G019,G,Eviota sebreei,Gobiidae,10.6,0.005,,,,
G020,G,Eviota sebreei,Gobiidae,11.18,0.006,,,,
G021,G,Eviota sebreei,Gobiidae,NA,0.005,,,,
G022,G,Eviota sebreei,Gobiidae,10.7,0.002,,,,
G023,G,Fusigobius neophytus,Gobiidae,12.82,0.011,,,,
G024,G,Amblygobius albimaculatus,Gobiidae,54.55,2.456,,,,
G025,G,Amblygobius albimaculatus,Gobiidae,95.5,9.018,,,,
H001,H,Helcogramma fuscopinna,Tripterygiidae,34.04,0.426,,,,
H002,H,Helcogramma fuscopinna,Tripterygiidae,30.29,0.306,,,,
H003,H,Pomacentrus caeruleus,Pomacentridae,20.05,0.089,,,,
H004,H,Pomacentrus indicus,Pomacentridae,16.96,0.048,,,,
H005,H,Labridae sp,Labridae,21,0.115,,,,
H006,H,Stegastes lacrymatus,Pomacentridae,13.3,0.043,,,,
H007,H,Apogon doryssa,Apogonidae,17.74,0.058,,,,
H008,H,Pseudocheilinus hexataenia,Labridae,10.29,0.014,,,,
H009,H,Pseudocheilinus hexataenia,Labridae,9.24,0.011,,,,
H010,H,Eviota nebulosa,Gobiidae,16.51,0.048,,,,
H011,H,Glyptoparus delicatulus,Blenniidae,14.73,0.02,,,,
H012,H,Eviota nebulosa,Gobiidae,13.04,0.019,,,,
H013,H,Glyptoparus delicatulus,Blenniidae,19.87,0.065,,,,
H014,H,Cabillus lacertops,Gobiidae,10.32,0.012,,,,
H015,H,Eviota nebulosa,Gobiidae,11.48,0.013,,,,
H016,H,Eviota nebulosa,Gobiidae,NA,NA,,,,
I001,I,Chlidichthys chagosensis,Pseudochromidae,36.41,0.49,,,,
I002,I,Ecsenius nalolo,Blenniidae,31.67,0.347,,,,
I003,I,Pomacentrus caeruleus,Pomacentridae,29.29,0.327,,,,
I004,I,Pomacentrus caeruleus,Pomacentridae,22.16,0.098,,,,
I005,I,Pomacentrus indicus,Pomacentridae,24.76,0.171,,,,
I006,I,Helcogramma fuscopinna,Tripterygiidae,33.46,0.398,,,,
I007,I,Helcogramma fuscopinna,Tripterygiidae,23.3,0.114,,,,
I008,I,Enneapterygius abeli,Tripterygiidae,18.28,0.049,,,,
I009,I,Eviota guttata,Gobiidae,20.88,0.074,,,,
I010,I,Eviota guttata,Gobiidae,18.63,0.056,,,,
I011,I,Labridae sp,Labridae,19.96,0.058,,,,
I012,I,Priolepis compita,Gobiidae,15.12,0.03,,,,
I013,I,Eviota nebulosa,Gobiidae,12.66,0.021,,,,
I014,I,Eviota guttata,Gobiidae,15.5,0.027,,,,
I015,I,Eviota guttata,Gobiidae,13.78,0.015,,,,
I016,I,Eviota guttata,Gobiidae,13.31,0.011,,,,
I017,I,Eviota prasina,Gobiidae,10.66,0.009,,,,
I018,I,Eviota prasina,Gobiidae,12.84,0.019,,,,
I019,I,Eviota nebulosa,Gobiidae,9.77,0.008,,,,
I020,I,Eviota prasina,Gobiidae,9.58,0.007,,,,
I021,I,Eviota nebulosa,Gobiidae,9.95,0.008,,,,
I022,I,Eviota sp2,Gobiidae,9.98,0.006,,,,
I023,I,Eviota prasina,Gobiidae,9.93,0.008,,,,
I024,I,Eviota sebreei,Gobiidae,10.73,0.007,,,,
I025,I,Eviota nebulosa,Gobiidae,9.93,0.007,,,,
I026,I,Eviota nebulosa,Gobiidae,8.48,0.004,,,,
I027,I,Eviota sebreei,Gobiidae,9.62,0.004,,,,
I028,I,Pleurosicya labiata,Gobiidae,12.06,0.008,,,,
I029,I,Cabillus tongarevae,Gobiidae,9.63,0.008,,,,
I030,I,Ctenochaetus truncatus,Acanthuridae,33.94,1.009,,,,
I031,I,Ctenochaetus truncatus,Acanthuridae,34.32,1.118,,,,
I032,I,Ctenochaetus truncatus,Acanthuridae,33.85,0.962,,,,
J001,J,Ptereleotris evides,Microdesmidae,67.2,2.307,,,,
J002,J,Cephalopholis nigripinnis,Epinephelidae,38.12,0.79,,,,
J003,J,Stegastes lacrymatus,Pomacentridae,28.48,0.312,,,,
J004,J,Pomacentrus indicus,Pomacentridae,23.44,0.199,,,,
J005,J,Pomacentrus caeruleus,Pomacentridae,20.22,0.093,,,,
J006,J,Pomacentrus indicus,Pomacentridae,16.11,0.049,,,,
J007,J,Callogobius sclateri,Gobiidae,26.23,0.264,,,,
J008,J,Fowleria vaiulae,Apogonidae,14.98,0.043,,,,
J009,J,Priolepis compita,Gobiidae,14.99,0.027,,,,
J010,J,Chlidichthys chagosensis,Pseudochromidae,14.75,0.028,,,,
J011,J,Eviota prasina,Gobiidae,17.58,0.052,,,,
J012,J,Apogon indicus,Apogonidae,15.67,0.039,,,,
J013,J,Pleurosicya mossambica,Gobiidae,19.5,0.053,,,,
J014,J,Pleurosicya labiata,Gobiidae,16.15,0.033,,,,
J015,J,Priolepis compita,Gobiidae,16.65,0.04,,,,
J016,J,Eviota prasina,Gobiidae,15.46,0.033,,,,
J017,J,Eviota prasina,Gobiidae,13.93,0.02,,,,
J018,J,Eviota prasina,Gobiidae,15.03,0.034,,,,
J019,J,Eviota prasina,Gobiidae,10.76,0.008,,,,
J020,J,Eviota prasina,Gobiidae,10.46,0.009,,,,
J021,J,Eviota prasina,Gobiidae,13.17,0.021,,,,
J022,J,Eviota prasina,Gobiidae,10.84,0.013,,,,
J023,J,Callogobius sclateri,Gobiidae,10.54,0.008,,,,
J024,J,Pseudocheilinus hexataenia,Labridae,8.99,0.008,,,,
J025,J,Eviota prasina,Gobiidae,10.27,0.006,,,,
J026,J,Eviota prasina,Gobiidae,9.97,0.009,,,,
J027,J,Eviota sebreei,Gobiidae,10.26,0.004,,,,
J028,J,Eviota nebulosa,Gobiidae,NA,0.005,,,,
J029,J,Eviota nebulosa,Gobiidae,9.23,0.005,,,,
J030,J,Eviota prasina,Gobiidae,9.04,0.005,,,,
J031,J,Eviota prasina,Gobiidae,9.3,0.005,,,,
J032,J,Eviota prasina,Gobiidae,9.43,0.005,,,,
K001,K,Chlidichthys chagosensis,Pseudochromidae,38.26,0.648,,,,
K002,K,Chlidichthys chagosensis,Pseudochromidae,35.98,0.539,,,,
K003,K,Chlidichthys chagosensis,Pseudochromidae,36.06,0.51,,,,
K004,K,Paragobiodon echinocephalus,Gobiidae,25.41,0.335,,,,
K005,K,Trimmatom eviotops,Gobiidae,15.15,0.033,,,,
K006,K,Phyllogobius platycephalops,Gobiidae,29.06,0.128,,,,
K007,K,Phyllogobius platycephalops,Gobiidae,23.2,0.064,,,,
K008,K,Stegastes lacrymatus,Pomacentridae,23.51,0.184,,,,
K009,K,Pomacentrus caeruleus,Pomacentridae,22.06,0.119,,,,
K010,K,Pomacentrus indicus,Pomacentridae,14.77,NA,,,,
K011,K,Chlidichthys chagosensis,Pseudochromidae,19.31,0.065,,,,
K012,K,Chlidichthys chagosensis,Pseudochromidae,16.55,0.031,,,,
K013,K,Chlidichthys chagosensis,Pseudochromidae,13.38,0.023,,,,
K014,K,Chlidichthys chagosensis,Pseudochromidae,15.36,0.028,,,,
K015,K,Chlidichthys chagosensis,Pseudochromidae,15.13,0.023,,,,
K016,K,Chlidichthys chagosensis,Pseudochromidae,14.5,0.026,,,,
K017,K,Eviota distigma,Gobiidae,16.72,0.049,,,,
K018,K,Eviota notata,Gobiidae,16.27,0.04,,,,
K019,K,Ecsenius nalolo,Blenniidae,17.1,0.045,,,,
K020,K,Eviota sebreei,Gobiidae,19.37,0.06,,,,
K021,K,Eviota sebreei,Gobiidae,16.36,0.031,,,,
K022,K,Eviota nebulosa,Gobiidae,12.36,0.014,,,,
K023,K,Eviota guttata,Gobiidae,15.76,0.03,,,,
K024,K,Eviota sebreei,Gobiidae,15.09,0.023,,,,
K025,K,Eviota prasina,Gobiidae,14.31,0.022,,,,
K026,K,Eviota prasina,Gobiidae,13.96,0.026,,,,
K027,K,Eviota prasina,Gobiidae,14.55,0.028,,,,
K028,K,Eviota prasina,Gobiidae,14.7,0.024,,,,
K029,K,Eviota prasina,Gobiidae,13.99,0.021,,,,
K030,K,Eviota guttata,Gobiidae,14.49,0.017,,,,
K031,K,Eviota prasina,Gobiidae,13.28,0.018,,,,
K032,K,Eviota nebulosa,Gobiidae,11.98,0.011,,,,
K033,K,Eviota prasina,Gobiidae,13.01,0.02,,,,
K034,K,Eviota prasina,Gobiidae,11.97,0.011,,,,
K035,K,Eviota nebulosa,Gobiidae,11.23,0.011,,,,
K036,K,Eviota nebulosa,Gobiidae,9.99,0.006,,,,
K037,K,Eviota infulata,Gobiidae,10.09,0.006,,,,
K038,K,Eviota sebreei,Gobiidae,10.52,0.006,,,,
K039,K,Eviota prasina,Gobiidae,10.6,0.009,,,,
K040,K,Eviota prasina,Gobiidae,11.16,0.012,,,,
K041,K,Eviota prasina,Gobiidae,9.54,0.006,,,,
K042,K,Eviota prasina,Gobiidae,9.59,0.044,,,,
K043,K,Eviota sebreei,Gobiidae,11.02,0.005,,,,
K044,K,Istigobius decoratus,Gobiidae,9.32,0.007,,,,
K045,K,Pleurosicya labiata,Gobiidae,11.98,0.009,,,,
K046,K,Eviota sp2,Gobiidae,9.48,0.004,,,,
K047,K,Pleurosicya labiata,Gobiidae,8.64,0.004,,,,
K048,K,Pleurosicya labiata,Gobiidae,9.52,0.005,,,,
L001,L,Pseudogramma polyacantha,Serranidae,51.41,2.371,,,,
L002,L,Pseudogramma polyacantha,Serranidae,39.94,1.085,,,,
L003,L,Chlidichthys chagosensis,Pseudochromidae,39.43,0.524,,,,
L004,L,Apogon coccineus,Apogonidae,21.93,0.122,,,,
L005,L,Chlidichthys chagosensis,Pseudochromidae,23.13,0.125,,,,
L006,L,Eviota nebulosa,Gobiidae,18.19,0.054,,,,
L007,L,Eviota nebulosa,Gobiidae,17.94,0.057,,,,
L008,L,Eviota guttata,Gobiidae,18.39,0.053,,,,
L009,L,Eviota nebulosa,Gobiidae,14.49,0.018,,,,
L010,L,Eviota notata,Gobiidae,19.37,0.055,,,,
L011,L,Eviota prasina,Gobiidae,11.69,0.008,,,,
L012,L,Eviota prasina,Gobiidae,12.97,0.02,,,,
M001,M,Chlidichthys chagosensis,Pseudochromidae,35.4,0.511,,,,
M002,M,Eviota guttata,Gobiidae,17.54,0.053,,,,
M003,M,Eviota prasina,Gobiidae,12.12,0.013,,,,
M004,M,Eviota sebreei,Gobiidae,NA,NA,,,,
N001,N,Gnatholepis cauerensis,Gobiidae,41.69,0.751,,,,
N002,N,Labridae sp,Labridae,NA,NA,,,,
N003,N,Chlidichthys chagosensis,Pseudochromidae,32.96,0.383,,,,
N004,N,Pristiapogon abrogramma,Apogonidae,31.97,0.283,,,,
N005,N,Chlidichthys chagosensis,Pseudochromidae,23.16,0.121,,,,
N006,N,Chlidichthys chagosensis,Pseudochromidae,15.98,0.031,,,,
N007,N,Chlidichthys chagosensis,Pseudochromidae,15.97,0.027,,,,
N008,N,Chlidichthys chagosensis,Pseudochromidae,15.28,0.026,,,,
N009,N,Fusigobius neophytus,Gobiidae,16.75,0.034,,,,
N010,N,Fusigobius neophytus,Gobiidae,17.49,0.037,,,,
N011,N,Trimma haima,Gobiidae,13.28,0.013,,,,
N012,N,Eviota guttata,Gobiidae,14.52,0.015,,,,
N013,N,Eviota sebreei,Gobiidae,11.89,0.005,,,,
N014,N,Eviota prasina,Gobiidae,10.43,0.008,,,,
N015,N,Eviota prasina,Gobiidae,9.47,0.007,,,,
N016,N,Eviota prasina,Gobiidae,10.18,0.005,,,,
N017,N,Eviota zebrina,Gobiidae,9.89,0.004,,,,
N018,N,Eviota prasina,Gobiidae,9,0.003,,,,
N019,N,Eviota prasina,Gobiidae,7.03,0.003,,,,
O001,O,Ecsenius nalolo,Blenniidae,37.42,0.555,,,,
O002,O,Eviota guttata,Gobiidae,24.99,0.148,,,,
O003,O,Pomacentrus caeruleus,Pomacentridae,21.91,0.101,,,,
O004,O,Pomacentrus caeruleus,Pomacentridae,16.57,0.053,,,,
O005,O,Eviota guttata,Gobiidae,20.05,0.079,,,,
O006,O,Eviota guttata,Gobiidae,19.85,0.066,,,,
O007,O,Eviota guttata,Gobiidae,11.14,0.082,,,,
O008,O,Eviota guttata,Gobiidae,14.11,0.128,,,,
O009,O,Eviota guttata,Gobiidae,18.58,0.074,,,,
O010,O,Glyptoparus delicatulus,Blenniidae,21.86,0.094,,,,
O011,O,Eviota guttata,Gobiidae,18.42,0.054,,,,
O012,O,Chlidichthys chagosensis,Pseudochromidae,18.56,0.053,,,,
O013,O,Paragobiodon xanthosoma,Gobiidae,16.89,0.071,,,,
O014,O,Eviota guttata,Gobiidae,18.26,0.048,,,,
O015,O,Barbuligobius boehlkei,Gobiidae,14.6,0.024,,,,
O016,O,Eviota guttata,Gobiidae,19.04,0.06,,,,
O017,O,Chlidichthys chagosensis,Pseudochromidae,15.19,0.025,,,,
O018,O,Eviota guttata,Gobiidae,14.54,0.02,,,,
O019,O,Eviota guttata,Gobiidae,13.67,0.014,,,,
O020,O,Eviota guttata,Gobiidae,13.68,0.012,,,,
O021,O,Eviota guttata,Gobiidae,13.5,0.013,,,,
O022,O,Eviota guttata,Gobiidae,14.18,0.014,,,,
O023,O,Priolepis compita,Gobiidae,14.01,0.02,,,,
O024,O,Eviota sebreei,Gobiidae,11.29,0.007,,,,
O025,O,Glyptoparus delicatulus,Blenniidae,14.27,0.011,,,,
O026,O,Eviota prasina,Gobiidae,10.8,0.007,,,,
O027,O,Eviota prasina,Gobiidae,8.52,0.003,,,,
O028,O,Eviota prasina,Gobiidae,11.12,0.007,,,,
P001,P,Fusigobius neophytus,Gobiidae,43.09,0.736,,,,
P002,P,Istigobius decoratus,Gobiidae,35.69,0.374,,,,
P003,P,Callogobius sclateri,Gobiidae,31.46,0.312,,,,
P004,P,Fusigobius neophytus,Gobiidae,26.62,0.139,,,,
P005,P,Istigobius decoratus,Gobiidae,22.98,0.085,,,,
P006,P,Istigobius decoratus,Gobiidae,22,0.078,,,,
P007,P,Callogobius sclateri,Gobiidae,23.26,0.106,,,,
P008,P,Pomacentrus caeruleus,Pomacentridae,20.02,0.086,,,,
P009,P,Pristiapogon abrogramma,Apogonidae,24.15,0.128,,,,
P010,P,Trimma haima,Gobiidae,22.11,0.101,,,,
P011,P,Trimma haima,Gobiidae,20.7,0.085,,,,
P012,P,Istigobius decoratus,Gobiidae,24.48,0.101,,,,
P013,P,Chlidichthys chagosensis,Pseudochromidae,16.51,0.026,,,,
P014,P,Amblygobius phalaena,Gobiidae,19.06,0.039,,,,
P015,P,Chlidichthys chagosensis,Pseudochromidae,14.52,0.022,,,,
P016,P,Chlidichthys chagosensis,Pseudochromidae,16.06,0.024,,,,
P017,P,Eviota guttata,Gobiidae,16.44,0.038,,,,
P018,P,Eviota guttata,Gobiidae,15.57,0.02,,,,
P019,P,Pleurosicya mossambica,Gobiidae,16.77,0.022,,,,
P020,P,Chlidichthys chagosensis,Pseudochromidae,15.83,0.026,,,,
P021,P,Eviota guttata,Gobiidae,15.42,0.014,,,,
P022,P,Nectamia savayensis,Apogonidae,14.84,0.026,,,,
P023,P,Trimma haima,Gobiidae,14.22,0.018,,,,
P024,P,Trimmatom eviotops,Gobiidae,12.47,0.006,,,,
P025,P,Trimmatom eviotops,Gobiidae,11.61,0.005,,,,
P026,P,Labridae sp,Labridae,11.77,0.009,,,,
P027,P,Eviota sp2,Gobiidae,10.39,0.005,,,,
P028,P,Eviota sebreei,Gobiidae,11.03,0.002,,,,
P029,P,Fusigobius neophytus,Gobiidae,11.67,0.005,,,,
P030,P,Eviota sebreei,Gobiidae,10.86,0.002,,,,
P031,P,Eviota sebreei,Gobiidae,10.81,0.002,,,,
P032,P,Eviota sebreei,Gobiidae,10.91,0.002,,,,
P033,P,Eviota sp3,Gobiidae,10.41,0.001,,,,
P034,P,Eviota sp3,Gobiidae,10.68,0.002,,,,
P035,P,Istigobius decoratus,Gobiidae,10.14,0.003,,,,
P036,P,Istigobius decoratus,Gobiidae,8.77,0.001,,,,
P037,P,Istigobius decoratus,Gobiidae,9.88,0.002,,,,
P038,P,Labridae sp,Labridae,10.54,0.003,,,,
P039,P,Asterropteryx ensifera,Gobiidae,7.51,0.002,,,,
P040,P,Eviota prasina,Gobiidae,7.95,0.002,,,,
P041,P,Istigobius decoratus,Gobiidae,60.75,2.357,,,,
P042,P,Fusigobius neophytus,Gobiidae,54.66,1.94,,,,
P043,P,Sargocentron sp,Holocentridae,52.24,2.286,,,,
Q001,Q,Chlidichthys chagosensis,Pseudochromidae,36.82,0.558,,,,
Q002,Q,Chlidichthys chagosensis,Pseudochromidae,23.03,0.116,,,,
Q003,Q,Fusigobius neophytus,Gobiidae,36.28,0.405,,,,
Q004,Q,Fusigobius neophytus,Gobiidae,28.83,0.21,,,,
Q005,Q,Istigobius decoratus,Gobiidae,30.05,0.191,,,,
Q006,Q,Nectamia savayensis,Apogonidae,18.15,0.052,,,,
Q007,Q,Ecsenius nalolo,Blenniidae,20.42,0.067,,,,
Q008,Q,Eviota guttata,Gobiidae,18.91,0.06,,,,
Q009,Q,Chlidichthys chagosensis,Pseudochromidae,14.96,0.019,,,,
Q010,Q,Eviota guttata,Gobiidae,19.21,0.065,,,,
Q011,Q,Chlidichthys chagosensis,Pseudochromidae,15.67,0.029,,,,
Q012,Q,Eviota guttata,Gobiidae,18.26,0.052,,,,
Q013,Q,Eviota springeri,Gobiidae,16.37,0.028,,,,
Q014,Q,Eviota sebreei,Gobiidae,16.55,0.034,,,,
Q015,Q,Eviota guttata,Gobiidae,14.15,0.023,,,,
Q016,Q,Eviota infulata,Gobiidae,13.12,0.017,,,,
Q017,Q,Eviota infulata,Gobiidae,13.24,0.017,,,,
Q018,Q,Pleurosicya mossambica,Gobiidae,13.22,0.018,,,,
Q019,Q,Eviota infulata,Gobiidae,13.77,0.016,,,,
Q020,Q,Eviota sebreei,Gobiidae,11.06,0.008,,,,
Q021,Q,Eviota sebreei,Gobiidae,11.37,0.006,,,,
Q022,Q,Eviota guttata,Gobiidae,14.66,0.023,,,,
Q023,Q,Eviota guttata,Gobiidae,14.33,0.016,,,,
Q024,Q,Labridae sp,Labridae,13.34,0.021,,,,
Q025,Q,Pleurosicya mossambica,Gobiidae,13.46,0.018,,,,
Q026,Q,Pleurosicya mossambica,Gobiidae,12.94,0.014,,,,
Q027,Q,Pleurosicya mossambica,Gobiidae,14.07,0.018,,,,
Q028,Q,Pseudamia amblyuroptera,Gobiidae,15.47,0.017,,,,
Q029,Q,Istigobius decoratus,Gobiidae,13.17,0.012,,,,
Q030,Q,Eviota sebreei,Gobiidae,10.34,0.009,,,,
Q031,Q,Eviota springeri,Gobiidae,10.64,0.01,,,,
Q032,Q,Eviota springeri,Gobiidae,11.16,0.01,,,,
Q033,Q,Eviota springeri,Gobiidae,11.18,0.014,,,,
Q034,Q,Eviota sebreei,Gobiidae,8.45,0.004,,,,
Q035,Q,Eviota springeri,Gobiidae,9.46,0.009,,,,
Q036,Q,Eviota springeri,Gobiidae,8.13,0.006,,,,
Q037,Q,Eviota infulata,Gobiidae,7.47,0.001,,,,
Q038,Q,Eviota springeri,Gobiidae,9.08,0.009,,,,
Q039,Q,Fusigobius neophytus,Gobiidae,50.67,1.53,,,,
Q040,Q,Fusigobius neophytus,Gobiidae,43.52,0.94,,,,
Q041,Q,Fusigobius neophytus,Gobiidae,41.83,0.731,,,,
Q042,Q,Muraenidae sp,Muraenidae,61.87,0.264,,,,
R001,R,Fusigobius neophytus,Gobiidae,31.9,0.233,,,,
R002,R,Vanderhorstia ornatissima,Gobiidae,32.57,0.162,,,,
R003,R,Istigobius decoratus,Gobiidae,29.87,0.202,,,,
R004,R,Vanderhorstia ornatissima,Gobiidae,29.2,0.132,,,,
R005,R,Istigobius decoratus,Gobiidae,24.79,0.115,,,,
R006,R,Eviota guttata,Gobiidae,22.23,0.04,,,,
R007,R,Trimma haima,Gobiidae,20.04,0.082,,,,
R008,R,Trimma haima,Gobiidae,17.32,0.055,,,,
R009,R,Istigobius decoratus,Gobiidae,22.27,0.076,,,,
R010,R,Pleurosicya mossambica,Gobiidae,19.24,0.057,,,,
R011,R,Nectamia savayensis,Apogonidae,22.14,0.128,,,,
R012,R,Vanderhorstia ornatissima,Gobiidae,22.58,0.054,,,,
R013,R,Nectamia savayensis,Apogonidae,22.14,0.135,,,,
R014,R,Vanderhorstia ornatissima,Gobiidae,18.79,0.037,,,,
R015,R,Trimma haima,Gobiidae,18.62,0.065,,,,
R016,R,Trimmatom eviotops,Gobiidae,16.2,0.031,,,,
R017,R,Nectamia savayensis,Apogonidae,18.28,0.073,,,,
R018,R,Chlidichthys chagosensis,Pseudochromidae,14.6,0.023,,,,
R019,R,Chlidichthys chagosensis,Pseudochromidae,14.59,0.022,,,,
R020,R,Pleurosicya mossambica,Gobiidae,18.84,0.048,,,,
R021,R,Amblygobius phalaena,Gobiidae,16.48,0.037,,,,
R022,R,Eviota guttata,Gobiidae,18.87,0.044,,,,
R023,R,Trimma haima,Gobiidae,15.31,0.037,,,,
R024,R,Eviota sebreei,Gobiidae,17.29,0.043,,,,
R025,R,Eviota sebreei,Gobiidae,16.75,0.043,,,,
R026,R,Pleurosicya mossambica,Gobiidae,15.55,0.023,,,,
R027,R,Chlidichthys chagosensis,Pseudochromidae,13.83,0.021,,,,
R028,R,Trimma haima,Gobiidae,14.16,0.016,,,,
R029,R,Valenciennea sexguttata,Gobiidae,18.16,0.03,,,,
R030,R,Istigobius decoratus,Gobiidae,16.6,0.033,,,,
R031,R,Eviota sebreei,Gobiidae,15.25,0.018,,,,
R032,R,Eviota sebreei,Gobiidae,14.06,0.017,,,,
R033,R,Trimmatom eviotops,Gobiidae,12.86,0.014,,,,
R034,R,Pleurosicya mossambica,Gobiidae,15.29,0.022,,,,
R035,R,Pleurosicya mossambica,Gobiidae,13.47,0.018,,,,
R036,R,Amblygobius phalaena,Gobiidae,15,0.027,,,,
R037,R,Pleurosicya mossambica,Gobiidae,15.77,0.026,,,,
R038,R,Nectamia savayensis,Apogonidae,13.8,0.02,,,,
R039,R,Eviota sebreei,Gobiidae,14.11,0.014,,,,
R040,R,Amblygobius phalaena,Gobiidae,13.94,0.01,,,,
R041,R,Pleurosicya mossambica,Gobiidae,14.33,0.017,,,,
R042,R,Eviota sebreei,Gobiidae,10.92,0.008,,,,
R043,R,Trimma haima,Gobiidae,11.6,0.009,,,,
R044,R,Eviota sebreei,Gobiidae,10.79,0.006,,,,
R045,R,Istigobius decoratus,Gobiidae,13.63,0.015,,,,
R046,R,Labridae sp,Labridae,12.97,0.016,,,,
R047,R,Pleurosicya mossambica,Gobiidae,10.9,0.008,,,,
R048,R,Eviota sebreei,Gobiidae,13.2,0.016,,,,
R049,R,Amblygobius phalaena,Gobiidae,13.42,0.015,,,,
R050,R,Eviota sebreei,Gobiidae,10.63,0.005,,,,
R051,R,Eviota sebreei,Gobiidae,11.19,0.007,,,,
R052,R,Pleurosicya mossambica,Gobiidae,11.4,0.007,,,,
R053,R,Pleurosicya mossambica,Gobiidae,10.82,0.004,,,,
R054,R,Eviota sebreei,Gobiidae,10.4,0.005,,,,
R055,R,Eviota sebreei,Gobiidae,11.11,0.006,,,,
R056,R,Eviota sebreei,Gobiidae,12.02,0.009,,,,
R057,R,Pleurosicya mossambica,Gobiidae,NA,0.007,,,,
R058,R,Eviota sebreei,Gobiidae,10.28,0.008,,,,
R059,R,Pleurosicya mossambica,Gobiidae,10.63,0.003,,,,
R060,R,Eviota sp2,Gobiidae,9.9,0.004,,,,
R061,R,Istigobius decoratus,Gobiidae,9.48,0.006,,,,
R062,R,Istigobius decoratus,Gobiidae,10.43,0.005,,,,
R063,R,Apogon campbelli,Apogonidae,10.89,0.011,,,,
R064,R,Amblygobius phalaena,Gobiidae,83.69,6.201,,,,
R065,R,Fusigobius neophytus,Gobiidae,53.32,1.753,,,,
R066,R,Istigobius decoratus,Gobiidae,38.23,0.526,,,,
R067,R,Chlidichthys chagosensis,Pseudochromidae,38.59,0.609,,,,
R068,R,Chlidichthys chagosensis,Pseudochromidae,34.7,0.424,,,,
R069,R,Chlidichthys chagosensis,Pseudochromidae,35.19,0.542,,,,
R070,R,Istigobius decoratus,Gobiidae,28.22,0.202,,,,
R071,R,Nectamia savayensis,Apogonidae,25.23,0.204,,,,
R072,R,Pristiapogon abrogramma,Apogonidae,98.66,13.166,,,,
S001,S,Istigobius decoratus,Gobiidae,27.08,0.164,,,,
S002,S,Trimma haima,Gobiidae,22.1,0.099,,,,
S003,S,Pleurosicya mossambica,Gobiidae,23.67,0.101,,,,
S004,S,Trimma haima,Gobiidae,21.82,0.105,,,,
S005,S,Chlidichthys chagosensis,Pseudochromidae,25.67,0.156,,,,
S006,S,Koumansetta hectori,Gobiidae,15.67,0.029,,,,
S007,S,Fusigobius neophytus,Gobiidae,15.46,0.115,,,,
S008,S,Pleurosicya mossambica,Gobiidae,19.41,0.05,,,,
S009,S,Trimma haima,Gobiidae,17.1,0.043,,,,
S010,S,Istigobius decoratus,Gobiidae,21.66,0.07,,,,
S011,S,Pleurosicya mossambica,Gobiidae,20.3,0.056,,,,
S012,S,Trimmatom eviotops,Gobiidae,17.46,0.047,,,,
S013,S,Callogobius sclateri,Gobiidae,19.2,0.07,,,,
S014,S,Pleurosicya mossambica,Gobiidae,18.5,0.047,,,,
S015,S,Pleurosicya mossambica,Gobiidae,21.76,0.077,,,,
S016,S,Pleurosicya mossambica,Gobiidae,16.79,0.036,,,,
S017,S,Fowleria marmorata,Apogonidae,16.29,0.058,,,,
S018,S,Ecsenius nalolo,Blenniidae,18.44,0.05,,,,
S019,S,Pleurosicya mossambica,Gobiidae,21.41,0.072,,,,
S020,S,Trimma haima,Gobiidae,17.18,0.038,,,,
S021,S,Trimma haima,Gobiidae,16.42,0.033,,,,
S022,S,Chlidichthys chagosensis,Pseudochromidae,14.03,0.024,,,,
S023,S,Istigobius decoratus,Gobiidae,17.36,0.04,,,,
S024,S,Pleurosicya mossambica,Gobiidae,18.3,0.041,,,,
S025,S,Priolepis compita,Gobiidae,16.17,0.048,,,,
S026,S,Eviota guttata,Gobiidae,17.32,0.043,,,,
S027,S,Pleurosicya mossambica,Gobiidae,16.58,0.029,,,,
S028,S,Pleurosicya mossambica,Gobiidae,16.87,0.029,,,,
S029,S,Cheilodipterus quinquelineatus,Apogonidae,17.77,0.047,,,,
S030,S,Eviota guttata,Gobiidae,17.9,0.056,,,,
S031,S,Trimmatom eviotops,Gobiidae,15.07,0.026,,,,
S032,S,Vanderhorstia ornatissima,Gobiidae,14.17,0.02,,,,
S033,S,Trimma naudei,Gobiidae,13.26,0.02,,,,
S034,S,Pleurosicya mossambica,Gobiidae,16.52,0.028,,,,
S035,S,Eviota prasina,Gobiidae,14.14,0.025,,,,To barcode for comparison?
S036,S,Eviota guttata,Gobiidae,14.87,0.028,,,,
S037,S,Chlidichthys chagosensis,Pseudochromidae,15.09,0.032,,,,
S038,S,Pleurosicya mossambica,Gobiidae,15.92,0.025,,,,
S039,S,Trimma haima,Gobiidae,11.85,0.013,,,,
S040,S,Eviota guttata,Gobiidae,14.31,0.019,,,,
S041,S,Amblygobius phalaena,Gobiidae,16.62,0.023,,,,
S042,S,Pleurosicya mossambica,Gobiidae,15.18,0.023,,,,
S043,S,Amblygobius phalaena,Gobiidae,16.51,0.04,,,,
S044,S,Amblygobius phalaena,Gobiidae,15.04,0.026,,,,
S045,S,Nectamia savayensis,Apogonidae,15.01,0.045,,,,
S046,S,Eviota guttata,Gobiidae,13.88,0.016,,,,
S047,S,Koumansetta hectori,Blenniidae,20.67,0.059,,,,
S048,S,Eviota guttata,Gobiidae,14.07,0.021,,,,
S049,S,Labridae sp,Labridae,12.75,0.019,,,,
S050,S,Pleurosicya labiata,Gobiidae,14.3,0.026,,,,
S051,S,Pleurosicya mossambica,Gobiidae,11.6,0.01,,,,
S052,S,Eviota sebreei,Gobiidae,14.75,0.023,,,,
S053,S,Eviota infulata,Gobiidae,12.08,0.017,,,,
S054,S,Eviota guttata,Gobiidae,13.84,0.016,,,,
S055,S,Istigobius decoratus,Gobiidae,12.47,0.02,,,,
S056,S,Eviota springeri,Gobiidae,12.47,0.014,,,,
S057,S,Amblygobius phalaena,Gobiidae,13.07,0.015,,,,
S058,S,Eviota springeri,Gobiidae,9.85,0.01,,,,
S059,S,Eviota sp2,Gobiidae,9.38,0.008,,,,
S060,S,Amblygobius phalaena,Gobiidae,13.32,0.013,,,,
S061,S,Fusigobius neophytus,Gobiidae,11.72,0.014,,,,
S062,S,Apogon crassiceps,Apogonidae,9.5,0.01,,,,
S063,S,Apogon campbelli,Apogonidae,8.55,0.01,,,,
S064,S,Pleurosicya mossambica,Gobiidae,13.75,0.009,,,,
S065,S,Eviota sp2,Gobiidae,11.04,0.012,,,,
S066,S,Amblygobius phalaena,Gobiidae,12.74,0.013,,,,
S067,S,Eviota sp2,Gobiidae,9.55,0.005,,,,
S068,S,Eviota springeri,Gobiidae,10,0.008,,,,
S069,S,Eviota sp2,Gobiidae,10.32,0.009,,,,
S070,S,Istigobius decoratus,Gobiidae,11.7,0.008,,,,
S071,S,Fusigobius neophytus,Gobiidae,11.11,0.01,,,,
S072,S,Vanderhorstia ornatissima,Gobiidae,11.63,0.005,,,,
S073,S,Pleurosicya labiata,Gobiidae,11.11,0.007,,,,
S074,S,Apogon campbelli,Apogonidae,10.16,0.015,,,,
S075,S,Amblygobius phalaena,Gobiidae,NA,NA,,,,
S076,S,Istigobius decoratus,Gobiidae,13.33,0.011,,,,
S077,S,Pleurosicya labiata,Gobiidae,7.25,0.006,,,,
S078,S,Eviota sp9,Gobiidae,10.58,0.009,,,,
S079,S,Istigobius decoratus,Gobiidae,10.32,0.006,,,,
S080,S,Eviota infulata,Gobiidae,8.61,0.006,,,,
S081,S,Eviota springeri,Gobiidae,7.49,0.005,,,,
S082,S,Pleurosicya mossambica,Gobiidae,8.46,0.004,,,,
S083,S,Eviota infulata,Gobiidae,6.67,0.004,,,,
S084,S,Fusigobius neophytus,Gobiidae,36.8,0.51,,,,
S085,S,Priolepis cincta,Gobiidae,31.74,0.347,,,,
S086,S,Pristiapogon abrogramma,Apogonidae,29.05,0.272,,,,
S087,S,Pristiapogon abrogramma,Apogonidae,32.8,0.39,,,,
S088,S,Pristiapogon abrogramma,Apogonidae,24.17,0.136,,,,
S089,S,Pristiapogon abrogramma,Apogonidae,24.18,0.152,,,,
S090,S,Pristiapogon abrogramma,Apogonidae,19.74,0.084,,,,
S091,S,Pristiapogon abrogramma,Apogonidae,28.44,0.255,,,,
S092,S,Pristiapogon abrogramma,Apogonidae,32.47,0.439,,,,
S093,S,Cheilodipterus quinquelineatus,Apogonidae,30.08,0.237,,,,
S094,S,Fusigobius neophytus,Gobiidae,29.82,0.269,,,,
S095,S,Istigobius decoratus,Gobiidae,27.8,0.218,,,,
S096,S,Asterropteryx ensifera,Gobiidae,25.24,0.202,,,,
S097,S,Vanderhorstia ornatissima,Gobiidae,28.74,0.133,,,,
S098,S,Vanderhorstia ornatissima,Gobiidae,26.19,0.099,,,,
S099,S,Trimma haima,Gobiidae,19.15,0.076,,,,
S100,S,Apogon coccineus,Apogonidae,38.27,0.889,,,,
S101,S,Chlidichthys chagosensis,Pseudochromidae,40.12,0.719,,,,
S102,S,Chlidichthys chagosensis,Pseudochromidae,40.25,0.754,,,,
S103,S,Asterropteryx ensifera,Gobiidae,26.6,0.276,,,,
S104,S,Fowleria marmorata,Apogonidae,30.93,0.475,,,,
S105,S,Muraenidae sp,Muraenidae,26.03,0.738,,,,
S106,S,Pristiapogon abrogramma,Apogonidae,104.09,14.303,,,,
S107,S,Pristiapogon abrogramma,Apogonidae,59.3,2.577,,,,
T001,T,Siphamia mossambica,Apogonidae,31.31,0.405,,,,
T002,T,Siphamia mossambica,Apogonidae,32.22,0.469,,,,
T003,T,Siphamia mossambica,Apogonidae,28.09,0.275,,,,
T004,T,Siphamia mossambica,Apogonidae,25.71,0.237,,,,
T005,T,Siphamia mossambica,Apogonidae,21.32,0.159,,,,
T006,T,Siphamia mossambica,Apogonidae,20.79,0.123,,,,
T007,T,Siphamia mossambica,Apogonidae,19.86,0.097,,,,
T008,T,Siphamia mossambica,Apogonidae,20.19,0.099,,,,
T009,T,Siphamia mossambica,Apogonidae,14.6,0.04,,,,
T010,T,Gobiodon rivulatus,Gobiidae,25.79,0.351,,,,
T011,T,Scorpaenodes sp,Scorpaenidae,24.76,0.253,,,,
T012,T,Scorpaenodes sp,Scorpaenidae,25.45,0.312,,,,
T013,T,Trimma haima,Gobiidae,21.28,0.088,,,,
T014,T,Enneapterygius abeli,Tripterygiidae,22.15,0.102,,,,
T015,T,Trimmatom eviotops,Gobiidae,18.11,0.057,,,,
T016,T,Trimmatom eviotops,Gobiidae,17.55,0.047,,,,
T017,T,Eviota guttata,Gobiidae,18.93,0.048,,,,
T018,T,Eviota sp4,Gobiidae,18.63,0.072,,,,
T019,T,Eviota sp5,Gobiidae,17.26,0.06,,,,
T020,T,Eviota nebulosa,Gobiidae,17.1,0.042,,,,
T021,T,Eviota guttata,Gobiidae,17.08,0.038,,,,
T022,T,Eviota guttata,Gobiidae,16.28,0.034,,,,
T023,T,Eviota guttata,Gobiidae,15.48,0.022,,,,
T024,T,Eviota guttata,Gobiidae,14.9,0.021,,,,
T025,T,Eviota guttata,Gobiidae,14.2,0.017,,,,
T026,T,Trimmatom eviotops,Gobiidae,15.02,0.022,,,,
T027,T,Eviota nebulosa,Gobiidae,14.83,0.02,,,,
T028,T,Eviota nebulosa,Gobiidae,11.28,0.013,,,,
T029,T,Eviota sp5,Gobiidae,11.89,0.012,,,,
T030,T,Eviota nebulosa,Gobiidae,10.09,0.007,,,,
T031,T,Cabillus tongarevae,Gobiidae,13.39,0.017,,,,
T032,T,Cabillus tongarevae,Gobiidae,16.7,0.038,,,,
U001,U,Synodontidae sp,Synodontidae,74.39,3.529,,,,
U002,U,Cirrhitihthys oxycephalus,Cirrhitidae,53.3,2.459,,,,
U003,U,Apogon semiornatus,Apogonidae,43.7,1.278,,,,
U004,U,Pseudocheilinus hexataenia,Labridae,42.19,1.421,,,,
U005,U,Chlidichthys chagosensis,Pseudochromidae,41.49,0.885,,,,
U006,U,Chlidichthys chagosensis,Pseudochromidae,35.89,0.554,,,,
U007,U,Chlidichthys chagosensis,Pseudochromidae,22.69,0.14,,,,
U008,U,Doryrhamphus excisus,Syngnathidae,40.3,0.098,,,,
U009,U,Gobiodon rivulatus,Gobiidae,31.02,0.666,,,,
U010,U,Gobiodon rivulatus,Gobiidae,40.52,0.621,,,,
U011,U,Ostorhinchus angustatus,Apogonidae,30.07,0.528,,,,
U012,U,Ostorhinchus angustatus,Apogonidae,35.44,0.182,,,,
U013,U,Scorpaenodes sp,Scorpaenidae,32.35,0.646,,,,
U014,U,Scorpaenodes sp,Scorpaenidae,29.18,0.636,,,,
U015,U,Pseudogramma polyacantha,Serranidae,23.06,0.179,,,,
U016,U,Pseudogramma polyacantha,Serranidae,26.28,0.279,,,,
U017,U,Ostorhinchus angustatus,Apogonidae,27.27,0.209,,,,
U018,U,Trimma haima,Gobiidae,18.96,0.07,,,,
U019,U,Eviota guttata,Gobiidae,18.72,0.069,,,,
U020,U,Eviota guttata,Gobiidae,18.34,0.057,,,,
U021,U,Eviota guttata,Gobiidae,18.19,0.057,,,,
U022,U,Labridae sp,Labridae,18.45,0.059,,,,
U023,U,Eviota nebulosa,Gobiidae,15.91,0.052,,,,
U024,U,Eviota sebreei,Gobiidae,14.46,0.026,,,,
U025,U,Labridae sp,Labridae,17.6,0.058,,,,
U026,U,Labridae sp,Labridae,15.04,0.028,,,,
U027,U,Eviota nebulosa,Gobiidae,14.86,0.028,,,,
U028,U,Eviota springeri,Gobiidae,14.28,0.029,,,,
U029,U,Eviota nebulosa,Gobiidae,11.43,0.015,,,,
U030,U,Eviota sebreei,Gobiidae,11.98,0.016,,,,
U031,U,Scorpaenodes parvipinnis,Scorpaenidae,12.01,0.057,,,,
U032,U,Enneapterygius abeli,Tripterygiidae,13.06,0.014,,,,
V001,V,Chromis nigrura,Pomacentridae,51.56,1.773,,,,
V002,V,Chromis nigrura,Pomacentridae,55.04,2.275,,,,
V003,V,Chromis nigrura,Pomacentridae,37.19,0.69,,,,
V004,V,Chromis nigrura,Pomacentridae,34.65,0.592,,,,
V005,V,Chromis nigrura,Pomacentridae,36.1,0.522,,,,
V006,V,Pseudogramma polyacantha,Serranidae,39.24,0.963,,,,
V007,V,Pseudogramma polyacantha,Serranidae,39.9,1.008,,,,
V008,V,Apogon coccineus,Apogonidae,35.47,0.655,,,,
V009,V,Apogon coccineus,Apogonidae,34.56,0.645,,,,
V010,V,Apogon coccineus,Apogonidae,32.1,0.485,,,,
V011,V,Gobiodon rivulatus,Gobiidae,31.63,0.543,,,,
V012,V,Gobiodon rivulatus,Gobiidae,28.32,0.451,,,,
V013,V,Caracanthus unipinna,Scorpaenidae,27.66,0.662,,,,
V014,V,Siphamia mossambica,Apogonidae,22.07,0.164,,,,
V015,V,Siphamia mossambica,Apogonidae,18.62,0.087,,,,
V016,V,Siphamia mossambica,Apogonidae,19.05,0.098,,,,
V017,V,Siphamia mossambica,Apogonidae,15.88,0.056,,,,
V018,V,Siphamia mossambica,Apogonidae,15.32,0.031,,,,
V019,V,Siphamia mossambica,Apogonidae,14.51,0.037,,,,
V020,V,Siphamia mossambica,Apogonidae,15.28,0.041,,,,
V021,V,Siphamia mossambica,Apogonidae,15.45,0.041,,,,
V022,V,Scorpaenodes sp,Scorpaenidae,28.05,0.423,,,,
V023,V,Scorpaenodes sp,Scorpaenidae,22.13,0.205,,,,
V024,V,Scorpaenodes sp,Scorpaenidae,22.14,0.216,,,,
V025,V,Cirripectes filamentosus,Blenniidae,26.8,0.233,,,,
V026,V,Cirripectes filamentosus,Blenniidae,27.88,0.25,,,,
V027,V,Cirripectes filamentosus,Blenniidae,27.23,0.242,,,,
V028,V,Pomacentrus caeruleus,Pomacentridae,21.75,0.124,,,,
V029,V,Gnatholepis cauerensis,Gobiidae,30.71,0.346,,,,
V030,V,Pseudogramma polyacantha,Serranidae,25,0.259,,,,
V031,V,Pseudogramma polyacantha,Serranidae,21.05,0.123,,,,
V032,V,Trimma haima,Gobiidae,20.52,0.099,,,,
V033,V,Trimma haima,Gobiidae,18.05,0.059,,,,
V034,V,Trimma haima,Gobiidae,16.78,0.052,,,,
V035,V,Trimma haima,Gobiidae,12.55,0.013,,,,
V036,V,Gobiodon rivulatus,Gobiidae,18.15,0.098,,,,
V037,V,Gobiodon rivulatus,Gobiidae,12.95,0.038,,,,
V038,V,Trimmatom pharus,Gobiidae,16.69,0.045,,,,
V039,V,Trimmatom eviotops,Gobiidae,11.8,0.012,,,,
V040,V,Eviota guttata,Gobiidae,17.26,0.048,,,,
V041,V,Eviota guttata,Gobiidae,16.33,0.03,,,,
V042,V,Eviota guttata,Gobiidae,15.22,0.031,,,,
V043,V,Eviota guttata,Gobiidae,17.76,0.059,,,,
V044,V,Eviota guttata,Gobiidae,19.09,0.054,,,,
V045,V,Eviota guttata,Gobiidae,16.04,0.026,,,,
V046,V,Eviota guttata,Gobiidae,14.48,0.033,,,,
V047,V,Eviota guttata,Gobiidae,14.5,0.021,,,,
V048,V,Eviota sp2,Gobiidae,14.62,0.029,,,,
V049,V,Eviota sp5,Gobiidae,15.63,0.044,,,,
V050,V,Eviota nebulosa,Gobiidae,13.18,0.021,,,,
V051,V,Cirripectes filamentosus,Blenniidae,24.68,0.207,,,,
V052,V,Eviota nebulosa,Gobiidae,13.91,0.031,,,,
V053,V,Eviota sp5,Gobiidae,12.42,0.022,,,,
V054,V,Trimma haima,Gobiidae,11.93,0.011,,,,
V055,V,Nemateleotris magnifica,Microdesmidae,60.28,1.691,,,,
V056,V,Cirripectes filamentosus,Blenniidae,65.38,4.888,,,,
V057,V,Cirripectes filamentosus,Blenniidae,61.68,3.872,,,,
V058,V,Cephalopholis nigripinnis,Epinephelidae,53.02,2.453,,,,
V059,V,Ctenochaetus truncatus,Acanthuridae,50.03,3.107,,,,
W001,W,Chromis nigrura,Pomacentridae,44.87,1.421,,,,
W002,W,Chromis nigrura,Pomacentridae,33.12,0.503,,,,
W003,W,Chromis nigrura,Pomacentridae,31.67,0.296,,,,
W004,W,Epinephelidae sp,Epinephelidae,41.04,1.137,,,,
W005,W,Ostorhinchus angustatus,Apogonidae,36.45,0.534,,,,
W006,W,Apogon coccineus,Apogonidae,30.5,0.434,,,,
W007,W,Ecsenius nalolo,Blenniidae,51.51,1.242,,,,
W008,W,Ecsenius nalolo,Blenniidae,44.7,1.017,,,,
W009,W,Ecsenius nalolo,Blenniidae,41.47,0.79,,,,
W010,W,Ecsenius nalolo,Blenniidae,34.45,0.463,,,,
W011,W,Chlidichthys chagosensis,Pseudochromidae,34.99,0.514,,,,
W012,W,Scorpaenodes sp,Scorpaenidae,36.62,0.957,,,,
W013,W,Scorpaenodes sp,Scorpaenidae,28.21,0.412,,,,
W014,W,Scorpaenodes sp,Scorpaenidae,23.76,0.303,,,,
W015,W,Scorpaenodes sp,Scorpaenidae,24.51,0.295,,,,
W016,W,Scorpaenodes sp,Scorpaenidae,24.23,0.284,,,,
W017,W,Scorpaenodes sp,Scorpaenidae,21.42,0.19,,,,
W018,W,Scorpaenodes sp,Scorpaenidae,21.87,0.216,,,,
W019,W,Scorpaenodes sp,Scorpaenidae,23.59,0.256,,,,
W020,W,Scorpaenodes sp,Scorpaenidae,17.46,0.102,,,,
W021,W,Scorpaenodes sp,Scorpaenidae,16.61,0.09,,,,
W022,W,Pseudogramma polyacantha,Serranidae,28.39,0.385,,,,
W023,W,Antennaridae sp,Antennariidae,20.93,0.425,,,,
W024,W,Gobiodon rivulatus,Gobiidae,21.26,0.201,,,,
W025,W,Caracanthus unipinna,Scorpaenidae,17.38,0.13,,,,
W026,W,Pseudogramma polyacantha,Serranidae,20.62,0.114,,,,
W027,W,Ostorhinchus angustatus,Apogonidae,16.62,0.042,,,,
W028,W,Pseudanthias squamipinnis,Serranidae,21.26,0.116,,,,
W029,W,Pseudanthias squamipinnis,Serranidae,20.06,0.087,,,,
W030,W,Callogobius sclateri,Gobiidae,22.57,0.139,,,,
W031,W,Trimma haima,Gobiidae,18.16,0.057,,,,
W032,W,Trimma haima,Gobiidae,18.62,0.069,,,,
W033,W,Trimma haima,Gobiidae,19.27,0.08,,,,
W034,W,Pleurosicya mossambica,Gobiidae,19.36,0.064,,,,
W035,W,Pleurosicya mossambica,Gobiidae,17.67,0.042,,,,
W036,W,Trimma haima,Gobiidae,12.67,0.009,,,,
W037,W,Eviota guttata,Gobiidae,19.03,0.059,,,,
W038,W,Eviota guttata,Gobiidae,18.35,0.05,,,,
W039,W,Eviota guttata,Gobiidae,18.71,0.065,,,,
W040,W,Eviota guttata,Gobiidae,15.19,0.031,,,,
W041,W,Eviota guttata,Gobiidae,15.01,0.031,,,,
W042,W,Scorpaenodes sp,Scorpaenidae,13.04,0.033,,,,
W043,W,Trimmatom eviotops,Gobiidae,14.15,0.03,,,,
W044,W,Trimmatom eviotops,Gobiidae,15.54,0.029,,,,
W045,W,Trimmatom eviotops,Gobiidae,16.84,0.052,,,,
W046,W,Trimmatom eviotops,Gobiidae,14.65,0.033,,,,
W047,W,Enneapterygius abeli,Tripterygiidae,20.14,0.074,,,,
W048,W,Enneapterygius abeli,Tripterygiidae,19.07,0.072,,,,
W049,W,Eviota nebulosa,Gobiidae,14.67,0.033,,,,
W050,W,Labridae sp,Labridae,15.7,0.046,,,,
W051,W,Labridae sp,Labridae,14.13,0.025,,,,
W052,W,Eviota nebulosa,Gobiidae,15.11,0.037,,,,
W053,W,Enneapterygius abeli,Tripterygiidae,15.26,0.023,,,,
W054,W,Eviota sp5,Gobiidae,11.91,0.019,,,,
W055,W,Eviota sp5,Gobiidae,11.5,0.017,,,,
W056,W,Trimma haima,Gobiidae,10.95,0.009,,,,
W057,W,Eviota nebulosa,Gobiidae,10.69,0.009,,,,
W058,W,Eviota nebulosa,Gobiidae,10.93,0.009,,,,
W059,W,Eviota sp2,Gobiidae,10.26,0.009,,,,
W060,W,Eviota sp2,Gobiidae,9.53,0.008,,,,
