Site,GENSPE,FAM,Cara_L,TL,Claw_L,Arm_diam,W,TUBE_g,TUBE_SIA
B,Coralliocaris viridis,Palaemonidae,,11.59,,,0.072,,s001
B,,Alpheidae,,9.05,,,0.022,,s002
B,,Processidae,,9.55,,,0.022,,s003
B,,Processidae,,12.78,,,0.037,,s004
B,Trapezia tigrina,Trapezidae,13.11,,16.04,,1.218,g002,s005
B,Trapezia tigrina,Trapezidae,,,20.61,,,,s006
B,,Trapezidae,10.78,,12.3,,0.757,B1o,s007
B,,Trapezidae,9.38,,9.81,,0.258,B1o,s008
B,,Trapezidae,6.75,,6.9,,0.12,B1o,s009
B,,Trapezidae,5.83,,6.48,,0.075,,s010
B,Chlorodiella,Xanthidae,5.05,,,,0.083,,s011
B,,Ophiuroidea,,,,,,,s012
B,,Ophiuroidea,,,,,,,s013
B,,Ophiuroidea,,,,,,,s014
B,,Ophiuroidea,,,,,,,s015
B,,Ophiuroidea,,,,,,,s016
B,,Ophiuroidea,,,,,,,s017
B,Coralliocaris viridis,Palaemonidae,,12.26,,,0.082,g001,
C,,Cypraeidae,12.68,15.89,,,2.057,,s018
C,,Palaemonidae,,28.53,36.02,,0.272,g003,s019
C,,Chlorotocellidae,,11.06,,,0.021,,s020
C,,Galatheidae,,11.55,,,0.053,,s021
C,Chlorodiella,Xanthidae,4.42,,,,0.032,,s022
C,,Palaemonidae,,11.05,,,0.041,g004,
C,,Alpheidae,,14.03,,,0.066,g005,
C,Chlorodiella,Xanthidae,5.47,,,,0.075,g006,
D,,Trapezidae,11.57,,12.36,,0.867,D1o,s023
D,,Trapezidae,10.06,,11.67,,0.621,D1o,s024
D,Chlorodiella,Xanthidae,8.49,,8.66,,0.308,g007,s025
D,Trapezia guttata,Trapezidae,7.28,,8.38,,0.243,,s026
D,Chlorodiella,Xanthidae,5.6,,4.34,,0.087,,s027
D,Chlorodiella,Xanthidae,5.53,,4.15,,0.068,,s028
D,Trapezia guttata,Trapezidae,4.01,,4.33,,0.03,,s029
D,Harpiliopsis,Palaemonidae,,19.69,,,0.2,g011,s030
D,Harpiliopsis,Palaemonidae,,18.9,,,0.132,g012,s031
D,Philarius,Palaemonidae,,16.26,,,0.061,,s032
D,Philarius,Palaemonidae,,16.22,,,0.049,,s033
D,Philarius,Palaemonidae,,14.91,,,0.036,,s034
D,Philarius,Palaemonidae,,15.41,,,0.034,,s035
D,,Alpheidae,,11.65,,,0.038,,s036
D,Philarius,Palaemonidae,,10.88,,,0.019,,s037
D,,Chlorotocellidae,,9.94,,,0.007,,s038
D,,Hesionidae,,26.01,,,0.097,g028,s039
D,Chlorodiella,Xanthidae,8.48,,4.4,,0.123,g008,
D,,Xanthidae,4.08,,3.71,,0.047,g009,
D,Chlorodiella,Xanthidae,5.15,,,,0.038,g010,
D,Alpheopsis,Alpheidae,,15.43,,,0.069,g013,
D,,Alpheidae,,14.06,,,0.086,g014,
D,Philarius,Palaemonidae,,14.88,,,0.062,g015,
D,Philarius,Palaemonidae,,14.15,,,0.053,g016,
D,Philarius,Palaemonidae,,16.63,,,0.064,g027,
D,,Alpheidae,,14.23,,,0.047,g018,
D,Philarius,Palaemonidae,,11.72,,,0.029,g019,
D,,Alpheidae,,13.73,,,0.038,g020,
D,,Palaemonidae,,14.56,,,0.035,g021,
D,,Chlorotocellidae,,11.46,,,0.013,g022,
D,,Paguridae,,,,,0.024,g023,
D,Alpheus,Alpheidae,,9.88,,,0.014,g024,
D,,Palaemonidae,,9.03,,,0.006,g025,
D,,Egg sac,,,,,,g026,
D,,Syllidae,,,,,,g027,
D,,Syllidae,,,,,0.056,g029,
D,,Syllidae,,,,,,,
E,,Trapezidae,10.54,,12.76,,0.752,E1o,s040
E,,Trapezidae,11.07,,12.23,,0.928,,s041
E,,Trapezidae,8.09,,11.7,,0.36,,s042
E,,Xanthidae,6.56,,6.22,,0.134,,s043
E,Philarius,Palaemonidae,,17.81,7.43,,0.088,,s044
E,,Palaemonidae,,13.17,6.66,,0.059,,s045
E,,Palaemonidae,,12.99,6.51,,0.082,,s046
E,,Palaemonidae,,9.85,5.63,,0.02,,s047
E,,Ophiuroidea,,,,,,,s048
E,,Ophiuroidea,,,,,,,s049
E,,Palaemonidae,,14.17,12.83,,0.042,g037,
E,Harpiliopsis,Palaemonidae,,19.73,11.36,,0.212,g033,
E,Harpiliopsis,Palaemonidae,,13.89,8.9,,0.052,g034,
E,,Palaemonidae,,17.4,7.31,,0.111,g035,
E,,Palaemonidae,,12.56,6.85,,0.052,g036,
E,Cherusius triunguiculatus,Domeciidae,4.52,,5.79,,0.047,g032,
E,Cherusius triunguiculatus,Domeciidae,4.24,,4.91,,0.051,g030,
E,,Palaemonidae,,11.07,4.81,,0.031,g038,
E,,Alpheidae,,6.87,3.34,,0.011,g039,
E,Liomera,Xanthidae,5.17,,,,0.035,g031,
E,,Callianassidae,,14.73,,,0.033,g040,
E,,Hesionidae,,15.3,,,0.03,g041,
F,,Xanthidae,4.35,,,,0.037,,s050
F,,Xanthidae,3.03,,,,0.011,,s051
F,,Ophiuroidea,,,,0.83,0.009,,s052
F,,Ophiuroidea,,,,1.69,,,s053
F,,Ophiuroidea,,,,3.1,,,s054
F,,Ophiuroidea,,,,0.76,,,s055
F,,Hesionidae,,22.77,,,0.099,,s056
F,,Hesionidae,,27.7,,,0.161,,s057
F,Philarius,Palaemonidae,,14.7,6.42,,0.054,,s058
F,Philarius,Palaemonidae,,11.09,3.52,,0.023,,s059
F,Philarius,Palaemonidae,,9.92,,,0.014,,s060
F,,Alpheidae,,7.47,,,0.01,,s061
F,,Chlorotocellidae,,8.4,,,0.012,,s062
F,,Palaemonidae,,9.45,,,0.006,,s063
F,,Palaemonidae,,5.69,,,0.005,,s063
F,Philarius,Palaemonidae,,14.2,5.95,,0.034,g048,
F,Philarius,Palaemonidae,,13.52,4.7,,0.025,g053,
F,,Alpheidae,,11.15,3.6,,0.027,g049,
F,Philarius,Palaemonidae,,10.77,2.83,,0.012,g052,
F,,Asteriidae,,,,,,F1o,
F,,Phyllidiidae,,,,,0.555,F1o,
F,,Phyllidiidae,,,,,0.087,g042,
F,,Domeciidae,3.96,,,,0.038,g043,
F,,Xanthidae,3.34,,,,0.028,g044,
F,,Syllidae,,7.79,,,0.011,g045,
F,,Echioidea,,,,,,g046,
F,,Paguridae,,,,,,,
F,,Lysiosquillidae,,16.04,,,0.078,g047,
F,,Palaemonidae,,12.2,,,0.025,g050,
F,,Palaemonidae,,11.54,,,0.015,g051,
F,Philarius,Palaemonidae,,13.4,,,0.019,g054,
F,Philarius,Palaemonidae,,13.22,,,0.018,g055,
F,,Chlorotocellidae,,8.96,,,0.014,g056,
F,Philarius,Palaemonidae,,12.17,,,0.021,g057,
F,,Palaemonidae,,11.42,,,0.014,g058,
F,,Palaemonidae,,10.69,,,0.016,g059,
F,,Chlorotocellidae,,11.24,,,0.013,g060,
F,,Pseudocerotidae,,,,,,,
G,,Xanthidae,12,,12.83,,0.704,G1o,s064
G,,Domeciidae,6.06,,5.98,,0.092,g062,s065
G,,Domeciidae,4.1,,3.96,,0.032,,s066
G,,Alpheidae,,19.5,9.43,,0.241,g065,s068
G,Philarius,Palaemonidae,,16.08,5.69,,0.077,,s069
G,,Alpheidae,,10.93,,,0.016,,s070
G,Philarius,Palaemonidae,,18.93,5.38,,0.077,g066,
G,,Domeciidae,4.16,,4.71,,0.038,g064,
G,,Xanthidae,5.11,,4.7,,0.041,g063,
G,,Paguridae,,,,,0.171,g061,
G,,Xanthidae,3.66,,,,0.008,,
G,,Palaemonidae,,20.18,,,0.049,g067,
G,,Hesionidae,,27.91,,,0.028,,
G,,Hesionidae,,27.33,,,0.028,,
G,,Hesionidae,,14.95,,,0.022,,
G,,Hesionidae,,12.64,,,0.013,,
G,,Asteriidae,,,,,,g068,
H,,Xanthidae,7.32,,,,0.011,,s075
H,,Alpheidae,,19.27,8.77,,0.181,g075,s076
H,Philarius,Palaemonidae,,10.63,3.96,,0.02,,s078
H,,Alpheidae,,9.61,,,0.013,,s079
H,,Crinoidea,,,,,,g080,s080
H,,Ophiuroidea,,,,,,g081,s081
H,,Porcellanidae,5.15,,6.04,,0.078,g069,
H,,Alpheidae,,11.26,5.43,,0.037,g076,
H,,Alpheidae,,9.85,4.51,,0.026,,
H,,Porcellanidae,2.22,,2.88,,0.01,g074,
H,,Galatheidae,11.74,,,,0.098,g070,
H,,Epialtidae,4.35,,,,0.047,g072,
H,,Galatheidae,10.94,,,,0.058,g073,
H,,Palaemonidae,,10.45,,,0.017,g077,
H,,Processidae,,9.6,,,0.011,g078,
H,,Polynoidae,,16.16,,,0.079,g079,
H,,Pseudocerotidae,,,,,0.004,g082,
H,,Pseudocerotidae,,,,,0.003,g083,
H,,Porcellanidae,3.76,,,,0.04,g071,
I,,Alpheidae,,23.67,10.17,,0.411,g085,s082
I,,Alpheidae,,9.31,4.24,,0.021,,s083
I,,Palaemonidae,,10.29,,,0.016,,s084
I,,Palaemonidae,,9.8,,,0.014,,s085
I,,Pilumnidae,6.31,,3.97,,0.16,g089,s086
I,,Porcellanidae,,3.79,,,0.018,,s087
I,,Ophiuroidea,,,,0.82,0.044,,s088
I,,Ophiuroidea,,,,3.16,,,s089
I,,Crinoidea,,,,3.36,,,s090
I,,Hesionidae,,51.68,,,0.323,,s091
I,,Hesionidae,,14.53,,,0.01,,s092
I,,Ophiuroidea,,,,2.05,,,s093
I,,Alpheidae,,15.01,5.76,,0.077,g086,
I,,Galatheidae,,10.06,4.7,,0.042,g090,
I,,Alpheidae,,9.83,4.56,,0.024,g087,
I,,Galatheidae,,9.02,4.3,,0.036,g091,
I,,Alpheidae,,9.23,3.94,,0.019,g088,
I,,Galatheidae,,10.09,3.88,,0.038,g092,
I,,Galatheidae,,5.52,2.93,,0.011,g096,
I,,Hippolytidae,,34.51,,,0.809,g084,
I,,Galatheidae,,9.17,,,0.035,g093,
I,,Xanthidae,2.98,,,,0.017,g094,
I,,Xanthidae,3.75,,,,0.017,g095,
I,,Galatheidae,,6.94,,,0.009,g097,
I,,No-ID,,8.99,,,0.05,g098,
I,,Pseudocerotidae,,7.71,,,0.03,g099,
I,,Chitonidae,,,,,0.426,g100,
J,,Xanthidae,8.16,,6.51,,0.284,g101,s094
J,,Porcellanidae,3.65,,4.26,,0.037,,s095
J,,Porcellanidae,3.37,,,,0.02,,s096
J,,Trapezidae,3.32,,3.65,,0.021,,s097
J,,Galatheidae,,9.36,3.68,,0.032,,s098
J,,Galatheidae,,9.51,3.48,,0.042,,s099
J,,Galatheidae,,8.74,4,,0.041,,s100
J,,Alpheidae,,24.46,10.04,,0.434,g107,s101
J,,Alpheidae,,23.31,8.78,,0.338,g108,s102
J,,Palaemonidae,,19.32,,,0.086,,s103
J,,Galatheidae,,6.99,,,0.018,,s104
J,,Palaemonidae,,17.15,,,0.055,,s105
J,,Alpheidae,,9.05,,,0.031,,s106
J,,Alpheidae,,9.85,3.84,,0.021,,s107
J,,Processidae,,10.42,,,0.021,,s108
J,,Syllidae,,15.07,,,0.019,,s109
J,,Hesionidae,,14.57,,,0.012,,s109
J,,Crinoidea,,,,3.36,,,s110
J,,Crinoidea,,,,2.39,,,s111
J,,Porcellanidae,3.35,,4.54,,0.038,g102,
J,,Porcellanidae,3.8,,4.47,,0.035,g103,
J,,Galatheidae,,9.27,4.16,,0.068,g104,
J,,Domeciidae,3.62,,3.52,,0.019,g106,
J,,Galatheidae,,8.72,,,0.06,g105,
J,,Lysiosquillidae,,26.89,,,0.178,g109,
K,,Xanthidae,5.49,,3.79,,0.074,,s112
K,,Trapezidae,5.05,,5.03,,0.064,,s113
K,,Palaemonidae,,11.51,,,0.024,,s114
K,,Palaemonidae,,10.8,,,0.015,,s115
K,,Processidae,,8.39,,,0.01,,s116
K,,Hesionidae,,14.42,,,0.02,,s117
K,,Crinoidea,,,,1.61,,,s118
K,,Crinoidea,,,,0.85,0.033,,s119
K,,Ophiuroidea,,,,1.92,0.044,,s120
K,,Ophiuroidea,,,,1.49,,,s121
L,,Hippolytidae,,27.23,,,0.381,g110,s122
L,,Palaemonidae,,21.94,,,0.094,,s123
L,,Alpheidae,,14.79,,,0.066,,s124
L,,Alpheidae,,10.57,4.4,,0.023,,s125
L,,Alpheidae,,12.76,5.49,,0.043,,s126
L,,Chlorotocellidae,,12.75,,,0.019,,s127
L,,Palaemonidae,,11.8,,,,,s128
L,,Alpheidae,,7.17,2.54,,0.011,,s129
L,,Processidae,,10.78,,,0.022,,s130
L,,Porcellanidae,4.62,,6.51,,0.088,,s131
L,,Porcellanidae,4.4,,7.22,,0.139,,s132
L,,Porcellanidae,3.63,,5.14,,0.041,,s133
L,,Porcellanidae,2.75,,,,0.023,,s134
L,,Galatheidae,3.58,10.45,5.41,,0.08,,s135
L,,Porcellanidae,3.01,,4.22,,0.035,,s136
L,,Porcellanidae,3.01,,4.02,,0.026,,s137
L,,Galatheidae,,9.56,,,0.038,,s138
L,,Galatheidae,,7.96,3.01,,0.033,,s139
L,,Galatheidae,,6.72,2.89,,0.016,,s140
L,,Ophiuroidea,,,,1.37,0.267,g118,s141
L,,Ophiuroidea,,,,2.41,0.153,,s142
L,,Ophiuroidea,,,,1.5,,,s143
L,,Ophiuroidea,,,,1.43,,,s144
L,,Ophiuroidea,,,,0.55,0.011,,s145
L,,Crinoidea,,,,2.07,,,s146
L,,Crinoidea,,,,3.78,,,s147
L,,Porcellanidae,4.69,,8.33,,0.119,g115,
L,,Porcellanidae,4.73,,7,,0.134,g113,
L,,Galatheidae,,16.38,6.55,,0.235,g112,
L,,Porcellanidae,4.52,,5.64,,0.092,g114,
L,,Porcellanidae,3.16,5.75,4.78,,0.034,g116,
L,,Lysiosquillidae,,15.09,,,0.035,g111,
L,Liomera,Xanthidae,5.96,,,,0.041,g117,
L,,Asteriidae,,,,,0.082,g119,
M,,Palaemonidae,,22.06,,,0.15,,s148
M,,Galatheidae,,8.97,,,0.028,,s149
M,,Asteriidae,,,,3.48,,,s150
M,,Alpheidae,,13.96,,,0.051,g120,
N,,Xanthidae,10.91,,10.55,,0.966,g121,s151
N,,Xanthidae,6.22,,4.56,,0.074,,s152
N,,Xanthidae,3.21,,2.56,,0.017,,s153
N,,Paguridae,2.03,11.67,,,0.026,,s154
N,,Paguridae,2.5,13.17,,,0.07,,s155
N,Liomera,Xanthidae,1.97,,,,0.011,,s156
N,,Palaemonidae,,24.54,,,0.127,,s157
N,,Palaemonidae,,24.58,,,0.073,,s158
N,,Alpheidae,,19.77,7.66,,0.118,,s159
N,,Alpheidae,,9.33,3.18,,0.015,,s160
N,,Palaemonidae,,9.18,,,0.013,,s161
N,,Palaemonidae,,13.71,,,0.017,,s162
N,,Alpheidae,,6.91,2.43,,0.007,,s163
N,,Alpheidae,,7.13,3.08,,0.009,,s164
N,,Chlorotocellidae,,7.64,,,0.009,,s165
N,,Palaemonidae,,8.23,,,0.012,,s166
N,,Ophiuroidea,,,,1.1,0.04,,s167
N,,Hesionidae,,14.62,,,0.026,,s168
N,,Crinoidea,,,,3.45,,,s169
N,,Ophiuroidea,,,,2.06,,,s170
N,,Ophiuroidea,,,,1,0.049,,s171
N,,Palaemonidae,,8.9,,,0.008,,s172
N,,Porcellanidae,3.45,,3.46,,0.023,g122,
N,,Xanthidae,4.17,,2.85,,0.026,g123,
N,,Paguridae,3.23,13.08,,,0.086,g124,
N,,Nudibranchia,,15.05,,,0.315,g126,
N,Verconia,Chromodorididae,,4.6,,,0.004,g127,
N,,Amphinomidae,,22.21,,,0.103,g128,
O,,Alpheidae,,16.27,6.57,,0.1,,s173
O,,Alpheidae,,17.2,,,0.103,,s174
O,,Palaemonidae,,24.53,,,0.109,,s175
O,,Palaemonidae,,16.64,,,0.045,,s176
O,,Alpheidae,,12.23,5.74,,0.053,,s177
O,,Palaemonidae,,15.42,,,0.044,,s178
O,Philarius,Palaemonidae,,14.33,4.61,,0.043,,s179
O,Philarius,Palaemonidae,,12.72,4.68,,0.044,,s180
O,,Alpheidae,,12.63,5.46,,0.041,,s181
O,,Palaemonidae,,13.5,,,0.028,,s182
O,,Alpheidae,,10.45,4.39,,0.018,,s183
O,,Alpheidae,,9.41,3.49,,0.013,,s184
O,Philarius,Palaemonidae,,10.9,3.12,,0.021,,s185
O,,Alpheidae,,10.12,,,0.017,,s186
O,,Alpheidae,,10.51,2.88,,0.017,,s187
O,,Alpheidae,,9.04,,,0.012,,s188
O,,Alpheidae,,9.99,3.71,,0.012,,s189
O,,Palaemonidae,,11.62,,,0.017,,s190
O,,Alpheidae,,8.63,4.62,,0.016,,s191
O,,Alpheidae,,8.71,,,0.012,,s192
O,,Alpheidae,,8.02,3.27,,0.01,,s193
O,,Alpheidae,,9.33,,,0.015,,s194
O,,Palaemonidae,,7.79,,,0.011,,s195
O,,Chlorotocellidae,,8.19,,,0.009,,s196
O,,Alpheidae,,9.97,,,0.01,,s197
O,,Alpheidae,,9.24,3.9,,0.016,,s198
O,,Alpheidae,,7.43,,,0.008,,s199
O,,Alpheidae,,7.19,3.88,,0.009,,s200
O,,Palaemonidae,,8.24,,,0.012,,s201
O,,Palaemonidae,,7.97,,,0.01,,s202
O,,Xanthidae,5.69,,5.57,,0.103,,s203
O,,Xanthidae,4.78,,3.87,,0.047,,s204
O,,Trapezidae,4.3,,4.47,,0.029,,s205
O,,Porcellanidae,3.19,,3.43,,0.023,,s206
O,,Porcellanidae,2.57,,2.96,,0.018,,s207
O,,Galatheidae,,5.38,2.51,,0.01,,s208
O,,Paguridae,,,,,0.012,,s209
O,,Hesionidae,,43.75,,,0.112,,s210
O,,Hesionidae,,32.71,,,0.197,,s211
O,,Hesionidae,,21.02,,,0.059,,s212
O,,Hesionidae,,14.63,,,0.032,,s213
O,,Hesionidae,,14.55,,,0.027,,s214
O,,Ophiuroidea,,,,1.32,0.112,g139,s215
O,,Ophiuroidea,,,,1.31,0.102,,s216
O,,Ophiuroidea,,,,0.48,0.022,,s217
O,,Hesionidae,,15.71,,,0.027,,s218
O,,Alpheidae,,13.68,6.73,,0.066,g131,
O,,Alpheidae,,14.5,5.69,,0.079,g133,
O,,Domeciidae,5.95,,5.1,,0.072,g134,
O,,Porcellanidae,3.13,,4.9,,0.029,g136,
O,,Xanthidae,5.43,,3.11,,0.045,g137,
O,,Palaemonidae,,21.77,,,0.109,g129,
O,,Palaemonidae,,19.3,,,0.042,g130,
O,,Palaemonidae,,23.82,,,0.106,g132,
O,,Epialtidae,4.61,,,,0.05,g135,
O,,Inachidae,4.45,,,,0.02,g138,
O,,Nudibranchia,,11.16,,,0.148,g140,
O,,Chitonidae,,15.67,,,0.265,g141,
O,,Chitonidae,,14.53,,,0.201,g142,
P,,Alpheidae,,23.81,9.28,,0.386,,s219
P,Philarius,Palaemonidae,,28.1,13.65,,0.268,,s220
P,Philarius,Palaemonidae,,23.94,9.01,,0.162,,s221
P,Philarius,Palaemonidae,,20.44,7.37,,0.085,,s222
P,,Alpheidae,,22.66,8.81,,0.218,,s223
P,,Palaemonidae,,19.57,,,0.056,,s224
P,,Palaemonidae,,16.62,,,0.033,,s225
P,Philarius,Palaemonidae,,11.54,4.13,,0.017,,s226
P,,Alpheidae,,8.14,,,0.01,,s227
P,,Chlorotocellidae,,7.48,,,0.005,,s228
P,,Chlorotocellidae,,8.83,,,0.006,,s229
P,,Xanthidae,10.5,,,,0.354,,s230
P,,Xanthidae,6.3,,4.79,,0.096,,s231
P,,Galatheidae,,9.6,4.44,,0.044,,s232
P,,Domeciidae,2.85,,1.93,,0.011,,s233
P,,Xanthidae,2.69,,1.96,,0.011,,s234
P,,Xanthidae,2.68,,,,0.008,,s235
P,,Ophiuroidea,,,,0.58,0.018,,s236
P,,Ophiuroidea,,,,1.53,0.055,,s237
P,,Alpheidae,,23.5,7.94,,0.281,g143,
P,,Palaemonidae,,9.73,,,0.022,g144,
P,,Lysiosquillidae,,9.7,,,0.016,g145,
P,,Inachidae,5.56,,,,0.099,g146,
P,,Ophiuroidea,,,,0.62,0.01,g147,
Q,,Xanthidae,13,,10.06,,0.727,g148,s238
Q,,Xanthidae,10.11,,9.29,,0.343,g149,s239
Q,,Xanthidae,8.34,,6.37,,0.248,,s240
Q,,Xanthidae,6.75,,5.14,,0.123,,s241
Q,,Xanthidae,6.23,,5.25,,0.123,,s242
Q,,Xanthidae,5.53,,4.58,,0.07,,s243
Q,,Xanthidae,4.01,,3.07,,0.022,,s244
Q,,Xanthidae,3.97,,2.97,,0.022,,s245
Q,,Trapezidae,3.92,,3.87,,0.022,,s246
Q,,Xanthidae,4.05,,,,0.015,,s247
Q,,Xanthidae,3.53,,2.56,,0.015,,s248
Q,,Xanthidae,3.36,,,,0.012,,s249
Q,,Xanthidae,4.92,,,,0.04,,s250
Q,,Xanthidae,2.37,,1.67,,0.005,,s251
Q,,Galatheidae,,6.83,,,0.013,,s252
Q,,Alpheidae,,13.27,5.3,,0.042,,s253
Q,,Palaemonidae,,14.04,,,0.019,,s254
Q,,Palaemonidae,,13.38,,,0.018,,s255
Q,Philarius,Palaemonidae,,10.9,4.33,,0.02,,s256
Q,Philarius,Palaemonidae,,12.56,4.41,,0.025,,s257
Q,,Processidae,,10.04,,,0.008,,s258
Q,,Palaemonidae,,10.97,,,0.019,,s259
Q,,Processidae,,9.43,,,0.012,,s260
Q,,Alpheidae,,6.59,2.56,,0.008,,s261
Q,,Chlorotocellidae,,7.49,,,0.006,,s262
Q,,Chlorotocellidae,,6.79,,,0.005,,s263
Q,,Hesionidae,,27.49,,,0.132,,s264
Q,,Eunicidae,,23.89,,,0.025,,s265
Q,,Hesionidae,,18.25,,,0.043,,s266
Q,,Nereididae,,21.99,,,0.066,,s267
Q,,Nereididae,,19.04,,,,,s268
Q,,Ophiuroidea,,,,3.32,,,s269
Q,,Crinoidea,,,,1.51,,,s270
Q,,Crinoidea,,,,2.68,,,s271
Q,,Trapezidae,6.42,,9.14,,0.179,g150,
Q,,Portunidae,11.51,,5.69,,0.064,g152,
Q,Liomera,Xanthidae,10.15,,4.53,,0.194,g151,
Q,,Xanthidae,3.28,,1.89,,0.006,g153,
Q,,Palaemonidae,,11.56,,,0.025,g154,
Q,,Lysiosquillidae,,8.81,,,0.012,g155,
Q,,Chitonidae,,10.57,,,0.22,g156,
Q,,Chitonidae,,13.69,,,0.384,g157,
Q,,Chitonidae,,7.52,,,0.043,g158,
Q,,Chitonidae,,9.28,,,0.051,g159,
Q,,Polynoidae,,14.4,,,0.036,g160,
R,,Alpheidae,,26.98,7.85,,0.476,,s272
R,,Alpheidae,,14.69,4.05,,0.043,,s273
R,,Palaemonidae,,11.5,,,0.025,,s274
R,,Alpheidae,,9.39,4.36,,0.021,,s275
R,,Chlorotocellidae,,10.7,,,0.013,,s276
R,,Alpheidae,,9.25,3.76,,0.016,,s277
R,,Palaemonidae,,10.2,,,0.009,,s278
R,,Xanthidae,12.87,,9.54,,0.864,g164,s279
R,,Paguridae,,10.88,,,0.043,,s280
R,,Palaemonidae,,9.84,,,0.01,,s281
R,,Xanthidae,3.64,,2.97,,0.023,,s282
R,,Palaemonidae,,,4.21,,,,s283
R,,Ophiuroidea,,,,1.39,,,s284
R,,Alpheidae,,24.4,9.97,,0.473,g161,
R,,Palaemonidae,,16.94,3.42,,0.071,g162,
R,,Lysiosquillidae,,12.09,,,0.02,g163,
R,,Chitonidae,,16.85,,,0.314,g165,
S,,Alpheidae,,18.29,,,0.123,,s285
S,Philarius,Palaemonidae,,19.31,7.67,,0.118,,s286
S,Philarius,Palaemonidae,,19.77,8.16,,0.105,,s287
S,Philarius,Palaemonidae,,18.88,7.3,,0.086,,s288
S,,Palaemonidae,,17.16,,,0.076,,s289
S,,Palaemonidae,,15.69,,,0.027,,s290
S,,Palaemonidae,,11.4,,,0.017,,s291
S,,Palaemonidae,,12.26,,,0.011,,s292
S,,Palaemonidae,,7.96,2.71,,0.008,,s293
S,,Palaemonidae,,7.95,2.6,,0.006,,s294
S,,Xanthidae,5.63,,3.78,,0.058,,s295
S,,Xanthidae,4.14,,2.98,,0.029,,s296
S,Liomera,Xanthidae,3.71,,,,0.013,,s297
S,,Galatheidae,,9.45,4.7,,0.052,,s298
S,,Galatheidae,,8.13,,,0.027,,s299
S,,Hesionidae,,28.9,,,0.124,,s300
S,,Hesionidae,,22.74,,,0.077,,s301
S,,Ophiuroidea,,,,1.61,,,s302
S,Liomera,Xanthidae,14.05,,6.51,,0.561,S1o,
S,,Galatheidae,,9.04,4.92,,0.049,g173,
S,,Palaemonidae,,24.9,,,0.16,g166,
S,,Palaemonidae,,19.03,,,0.092,g167,
S,,Palaemonidae,,13.09,,,0.029,g168,
S,,Palaemonidae,,10.53,,,0.018,g169,
S,,Lysiosquillidae,,12.62,,,0.024,g170,
S,,Lysiosquillidae,,11.77,,,0.016,g171,
S,,Lysiosquillidae,,9.78,,,0.009,g172,
T,,Trapezidae,10.09,,13.6,,0.81,T1o,s303
T,,Trapezidae,9.99,,11.45,,0.498,T1o,s304
T,,Xanthidae,9.71,,12.9,,0.564,T1o,s305
T,,Xanthidae,6.99,,3.9,,0.114,,s306
T,,Trapezidae,5.58,,,,0.055,,s307
T,,Trapezidae,5.39,,5.35,,0.08,,s308
T,,Porcellanidae,3.38,,3.81,,0.026,,s309
T,,Xanthidae,3.82,,5.02,,0.054,,s310
T,,Xanthidae,3.85,,2.66,,0.013,,s311
T,,Trapezidae,2.64,,1.99,,0.008,,s312
T,,Porcellanidae,2.36,,,,0.008,,s313
T,,Trapezidae,2.8,,3.18,,0.014,,s314
T,,Xanthidae,3.2,,2.31,,0.01,,s315
T,,Porcellanidae,2.52,,2.3,,0.013,,s316
T,,Galatheidae,,11.68,5.66,,0.101,,s317
T,,Galatheidae,,10.92,5.86,,0.084,,s318
T,,Galatheidae,,9.22,3.9,,0.052,,s319
T,,Galatheidae,,6.34,4.39,,0.032,,s320
T,,Galatheidae,,7.15,8.63,,0.015,,s321
T,,Galatheidae,,5.95,2.98,,0.012,,s322
T,,Galatheidae,,6.23,2.15,,0.008,,s323
T,,Palaemonidae,,16.11,4.58,,0.075,,s324
T,,Alpheidae,,13.34,5.41,,0.041,,s325
T,Philarius,Palaemonidae,,14.29,5.04,,0.024,,s326
T,,Palaemonidae,,14.15,2.95,,0.031,,s327
T,Philarius,Palaemonidae,,11.73,3.71,,0.025,,s328
T,,Alpheidae,,11.5,9.61,,0.044,,s329
T,,Alpheidae,,11.82,5.14,,0.063,,s330
T,Philarius,Palaemonidae,,12.67,5.4,,0.036,,s331
T,,Alpheidae,,12.11,4.6,,0.031,,s332
T,,Alpheidae,,11.37,5.09,,0.033,,s333
T,,Alpheidae,,12.04,5.21,,0.033,,s334
T,,Alpheidae,,11.55,5.19,,0.035,,s335
T,,Alpheidae,,11.51,5.78,,0.033,,s336
T,,Alpheidae,,9.82,4.07,,0.019,,s337
T,,Alpheidae,,10.33,4.72,,0.017,,s338
T,,Alpheidae,,11.23,4.34,,0.018,,s339
T,,Alpheidae,,11.5,5.15,,0.036,,s340
T,Philarius,Palaemonidae,,10.6,3.5,,0.017,,s341
T,Philarius,Palaemonidae,,11.6,,,0.015,,s342
T,,Alpheidae,,11.22,,,0.028,,s343
T,,Alpheidae,,8.75,2.51,,0.011,,s344
T,,Chlorotocellidae,,10.37,,,0.012,,s345
T,,Alpheidae,,9.02,,,0.013,,s346
T,,Alpheidae,,8.87,,,0.015,,s347
T,,Ophiuroidea,,,,0.81,0.043,,s348
T,,Ophiuroidea,,,,0.7,0.019,,s349
T,,Hesionidae,,14.91,,,0.025,,s350
T,,Xanthidae,8.86,,5.98,,0.195,g175,
T,,Porcellanidae,3.55,,4.25,,0.029,g178,
T,,Xanthidae,7.75,,4.17,,0.153,g174,
T,,Porcellanidae,2.85,,3.59,,0.024,g177,
T,Echinoechus,Pilumnidae,5.08,,,,0.06,g176,
T,,Palaemonidae,,8.92,,,0.01,g180,
T,,Polynoidae,,26.05,,,0.019,g181,
T,,Octopus,,,,,,g182,
U,,Alpheidae,,30.28,12.31,,0.776,g185,s351
U,,Alpheidae,,16.63,,,0.071,,s352
U,,Alpheidae,,10.22,4.69,,0.029,,s353
U,,Alpheidae,,7.78,3.21,,0.013,,s354
U,,Alpheidae,,9.45,1.46,,0.013,,s355
U,Liomera,Xanthidae,15.33,,6.45,,0.726,g190,s356
U,,Xanthidae,9.8,,5.03,,0.288,,s357
U,,Porcellanidae,4.35,8.88,4.32,,0.064,,s358
U,,Paguridae,,,,,0.041,,s359
U,,Ophiuroidea,,,,1.44,0.119,,s360
U,,Crinoidea,,,,1.64,,,s361
U,,Nereididae,,13.09,,,0.025,,s362
U,,Hesionidae,,15.42,,,0.024,,s362
U,,Trapezidae,11.72,,14.5,,1.037,U1o,
U,,Portunidae,15.59,,8.55,,0.163,g191,
U,,Palaemonidae,,14.5,6.34,,0.071,g187,
U,Liomera,Xanthidae,10.82,,5.59,,0.348,U1o,
U,,Porcellanidae,4.01,9.07,5.46,,0.065,g192,
U,,Alpheidae,,14.78,5.19,,0.044,g186,
U,,Palaemonidae,,11.48,3.12,,0.014,g188,
U,,Lysiosquillidae,,48.68,,,1.142,U1o,
U,,Lysiosquillidae,,28.57,,,0.248,g183,
U,,Lysiosquillidae,,17.13,,,0.051,g184,
U,,Palaemonidae,,7.31,,,0.002,g189,
U,,Nemertea,,20.75,,,,g193,
V,,Trapezidae,10.25,,12.91,,0.817,V1o,s363
V,,Trapezidae,11.22,,11.46,,0.842,V1o,s364
V,,Trapezidae,9.32,,11.44,,0.586,V1o,s365
V,,Pilumnidae,10.59,,6.17,,0.391,,s366
V,,Pilumnidae,8.13,,4.62,,0.262,,s367
V,,Trapezidae,7.19,,9.71,,0.232,,s368
V,,Trapezidae,6.21,,6.92,,0.116,,s369
V,,Porcellanidae,5.2,11.59,8.36,,0.154,,s370
V,,Porcellanidae,3.22,5.98,5.63,,0.047,,s371
V,,Porcellanidae,3.11,6.85,4.63,,0.035,,s372
V,,Porcellanidae,3.16,6.99,4.55,,0.057,,s373
V,,Xanthidae,4.36,,4.99,,0.045,,s374
V,,Porcellanidae,3.3,5.78,,,0.025,,s375
V,,Porcellanidae,2.94,5.33,4.18,,0.021,,s376
V,,Pilumnidae,3.83,,1.83,,0.03,,s377
V,,Porcellanidae,1.86,4.15,,,0.003,,s378
V,,Galatheidae,4.04,10.12,5.58,,0.079,,s379
V,,Galatheidae,3.11,9.6,5.04,,0.043,,s380
V,,Galatheidae,2.19,5.03,2.68,,0.01,,s381
V,,Galatheidae,2.23,5.22,3.23,,0.011,,s382
V,,Alpheidae,,33.33,13.14,,0.948,V1o,s383
V,,Alpheidae,,24.17,8.97,,0.39,g202,s384
V,,Palaemonidae,,21.83,,,0.135,,s385
V,Philarius,Palaemonidae,,17.62,6.35,,0.083,,s386
V,Philarius,Palaemonidae,,14.2,4.92,,0.041,,s387
V,,Alpheidae,,12.94,5.09,,0.035,,s388
V,Philarius,Palaemonidae,,11.55,,,0.015,,s389
V,,Alpheidae,,9.81,4.07,,0.016,,s390
V,,Alpheidae,,13.29,4.91,,0.05,,s391
V,Philarius,Palaemonidae,,10.19,3.3,,0.021,,s392
V,,Alpheidae,,9.2,3.58,,0.023,,s393
V,,Palaemonidae,,6.85,,,0.003,,s394
V,,Chlorotocellidae,,6,,,0.003,,s395
V,,Alpheidae,,5.77,2.03,,0.004,,s396
V,,Palaemonidae,,6.99,,,0.003,,s397
V,,Galatheidae,,3.46,,,0.003,,s398
V,,Hesionidae,,17.92,,,0.046,,s399
V,,Eunicidae,,23.38,,,0.073,,s400
V,,Ophiuroidea,,,,3.72,,,s401
V,,Ophiuroidea,,,,6.23,,,s402
V,,Ophiuroidea,,,,2.53,,,s403
V,,Trapezidae,11.52,,12.43,,0.809,V1o,
V,,Trapezidae,11.77,,12.12,,0.689,V1o,
V,,Trapezidae,10.78,,10.88,,0.589,V1o,
V,,Porcellanidae,4.51,9.58,6.98,,0.113,g195,
V,,Porcellanidae,5.01,9.3,6.82,,0.098,g194,
V,,Porcellanidae,4.47,9.34,6.29,,0.054,g197,
V,,Porcellanidae,3.7,7.76,5.68,,0.061,g198,
V,,Porcellanidae,3.18,6.45,4.87,,0.042,g196,
V,,Alpheidae,,19.38,3.66,,0.09,g203,
V,,Porcellanidae,2.39,4.7,3.63,,0.017,g199,
V,,Porcellanidae,2.54,,3.33,,0.004,g201,
V,,Alpheidae,,10.93,3.02,,0.018,g204,
V,,Xanthidae,4.86,,2.71,,0.031,g200,
V,,Lysiosquillidae,,20.56,,,0.092,g205,
V,,Lysiosquillidae,,15.71,,,0.04,g206,
V,,Phyllidiidae,,11.55,,,0.057,g207,
V,,Asteriidae,,,,,,V1o,
W,Philarius,Palaemonidae,,18.39,11.56,,0.111,,s404
W,,Palaemonidae,,12.78,3.87,,0.029,,s405
W,,Alpheidae,,12.16,6.21,,0.057,,s406
W,,Alpheidae,,10.52,4.54,,0.019,,s407
W,,Alpheidae,,13.46,5.93,,0.035,,s408
W,,Trapezidae,10.86,,9.51,,0.559,W1o,s409
W,,Porcellanidae,5.81,10.77,9.98,,0.215,,s410
W,,Porcellanidae,5.03,10.96,7.75,,0.171,,s411
W,,Porcellanidae,3.42,8.32,4.33,,0.057,,s412
W,,Pilumnidae,6.99,,4.19,,0.156,,s413
W,Liomera,Xanthidae,6.49,,3.89,,0.076,,s414
W,,Trapezidae,5.02,,5.06,,0.065,,s415
W,,Porcellanidae,3.64,7.42,6.19,,0.082,,s416
W,,Porcellanidae,3.25,6.18,3.87,,0.033,,s417
W,,Porcellanidae,3.22,5.52,4.14,,0.028,,s418
W,,Porcellanidae,3.2,5.7,4.34,,0.017,,s419
W,,Porcellanidae,2.21,4.77,2.45,,0.011,,s420
W,,Galatheidae,2.46,,,,0.004,,s421
W,,Trapezidae,3.99,,3.57,,0.018,,s422
W,,Xanthidae,3.97,,2.29,,0.019,,s423
W,,Galatheidae,2.82,6.38,2.87,,0.023,,s424
W,,Galatheidae,3.5,9.46,,,0.032,,s425
W,,Crinoidea,,,,3.88,,,s426
W,,Ophiuroidea,,,,0.37,0.018,,s427
W,,Ophiuroidea,,,,1.97,,,s428
W,,Trapezidae,8.74,,12.25,,0.571,W1o,
W,,Porcellanidae,5.11,9.42,8.66,,0.213,g215,
W,,Porcellanidae,5.63,11.59,7.88,,0.205,g216,
W,Philarius,Palaemonidae,,14.15,7.63,,0.07,g208,
W,,Porcellanidae,4,8.09,6.82,,0.097,g218,
W,,Porcellanidae,4.27,8.61,6.67,,0.119,g217,
W,Liomera,Xanthidae,9.64,,5.93,,0.308,g213,
W,,Alpheidae,,15.63,5.88,,0.085,g210,
W,,Alpheidae,,12.8,4.76,,0.044,g211,
W,Liomera,Xanthidae,8.65,,4.74,,0.147,g214,
W,,Galatheidae,3.81,9.32,4.54,,0.044,g225,
W,Philarius,Palaemonidae,,12.07,4.52,,0.024,g209,
W,,Porcellanidae,3.43,5.89,3.85,,0.027,g221,
W,,Porcellanidae,2.75,4.58,3.84,,0.026,g220,
W,,Porcellanidae,3.23,5.48,3.58,,0.024,g219,
W,,Pilumnidae,5.85,,3.48,,0.042,g223,
W,,Lysiosquillidae,,18.85,,,0.07,g212,
W,,Porcellanidae,2.62,4.74,,,0.012,g222,
W,,Xanthidae,2.52,,,,0.013,g224,
W,,Echioidea,,,,,,g226,
W,,Plathelminthe,,,,,,g227,
W,,Octopus,,,,,0.424,g228,
