FAM,,Taxon,Level,N,Mean,S.D.,Median
Alpheidae,,Caridea,Order,54,0.196013199,0.07042827,0.1990915
Amphinomidae,,Polychaeta,Class,42,0.150376446,0.071239314,0.13405192
Asteriidae,,,FAM,4,0.171044,0.138979172,0.12645
Callianassidae,,,FAM,1,0.218027,0,0.218027
Chitonidae,,Mollusca,Phylum,128,0.163286316,0.072820219,0.170772
Chlorotocellidae,,Caridea,Order,54,0.196013199,0.07042827,0.1990915
Crinoidea,,,Suborder,3,0.086806053,0.000798012,0.08678265
Cypraeidae,,Gastropoda,Class,32,0.164921845,0.094160469,0.170214
Domeciidae,,Brachyura,Infraorder,45,0.187927934,0.066778524,0.174915
Echioidea,,Echinoidea,Class,11,0.059078112,0.046986399,0.069
Epialtidae,,Brachyura,Infraorder,45,0.187927934,0.066778524,0.174915
Eunicidae,,Annelida,Phylum,43,0.152335692,0.071549054,0.13655984
Galatheidae,,,FAM,8,0.166934633,0.041239892,0.167115411
Hesionidae,,Phyllodocida,Suborder,20,0.131038642,0.03703845,0.1254
Hippolytidae,,,FAM,4,0.11264469,0.046608968,0.122335
Inachidae,,Brachyura,Infraorder,45,0.187927934,0.066778524,0.174915
Lysiosquillidae,,Stomatopoda,Suborder,1,0.2808,0,0.2808
Nemertea,,,FAM,4,0.171176025,0.049279312,0.17873127
Nereididae,,,FAM,4,0.135245,0.024609951,0.13402
Nudibranchia,,Opisthobranchia,Subclass,3,0.045993286,0.014606457,0.04699
Ophiuroidea,,,FAM,15,0.147916124,0.108178079,0.1216
Paguridae,,,FAM,6,0.245123,0.078686769,0.24235
Palaemonidae,,,FAM,6,0.201589983,0.03162554,0.20543165
Phyllidiidae,,Opisthobranchia,Subclass,3,0.045993286,0.014606457,0.04699
Pilumnidae,,Brachyura,Infraorder,45,0.187927934,0.066778524,0.174915
Plathelminthe,,Animalia,Regnum,1525,0.172456279,0.085416961,0.182785
Polynoidae,,,FAM,3,0.114967667,0.016430242,0.1241
Porcellanidae,,,FAM,2,0.2791195,0.144420196,0.2791195
Portunidae,,,FAM,15,0.184908084,0.049385986,0.174736
Processidae,,,FAM,1,0.171405465,0,0.171405465
Pseudocerotidae,,Animalia,Regnum,1525,0.172456279,0.085416961,0.182785
Syllidae,,,FAM,1,0.105588,0,0.105588
Trapezidae,,Brachyura,Infraorder,45,0.187927934,0.066778524,0.174915
Xanthidae,,,FAM,4,0.12544897,0.030693889,0.1122175
