Atoll,Island,Seabird_status,Seabird_density,Lat,Lon,
Salomon,Ile de la Passe,Birdy,5.943241379,-5.30566,72.25172,
Salomon,Ile Anglaise,Ratty,0.186070764,-5.32822,72.22462,
Salomon,Ile Fouquet,Ratty,1.086615272,-5.34301,72.26199,
Peros Banhos,Ile Anglaise,Ratty,1.02,-5.43892,71.75688,
Peros Banhos,Ile Yeye,Ratty,0.55790625,-5.24646,71.958904,
Peros Banhos,Grande Ile Coquillage,Birdy,413.9977064,-5.37241,71.96729,
Peros Banhos,Ile Longue,Birdy,465.1040741,-5.27221,71.86643,
Peros Banhos,Ile Poule,Ratty,0.038688272,-5.41362,71.75511,
Peros Banhos,Grande Mapou,Ratty,1.481538462,-5.2663,71.75596,
Great Chagos Bank,Eagle Island,Ratty,0.157479277,-6.17489,71.33212,
Great Chagos Bank,Middle Brother,Birdy,761.1114167,-6.157,71.51846,
Great Chagos Bank,South Brother,Birdy,208.2065217,-6.16904,71.5437,
Great Chagos Bank,Nelson Island,Birdy,349.1131034,-5.68447,72.31441,
