Sample_ID,Atoll,Island,Time
Eagle plank day,Great Chagos Bank,Eagle Island,Day
eagle_plank_day,Great Chagos Bank,Eagle Island,Day
Eagle Day,Great Chagos Bank,Eagle Island,Day
Fouquet day 17/04 (1),Salomon,Fouquet,Day
grand_coq_plank_day,Peros Banhos,Grande Ile Coquillage,Day
Coq day 1,Peros Banhos,Grande Ile Coquillage,Day
Coq plank day,Peros Banhos,Grande Ile Coquillage,Day
Coq day 2,Peros Banhos,Grande Ile Coquillage,Day
Mapou plank day,Peros Banhos,Grande Mapou,Day
mapou_plank_day,Peros Banhos,Grande Mapou,Day
Mapou plank,Peros Banhos,Grande Mapou,Day
sal_anglaise_plank_day,Salomon,Ile Anglaise,Day
Sal-anglaise plank day,Salomon,Ile Anglaise,Day
Anglaise Day tow 22/04 (2),Salomon,Ile Anglaise,Day
Anglaise Day tow 22/04 (3),Salomon,Ile Anglaise,Day
Anglaise Day tow 22/04 (1),Salomon,Ile Anglaise,Day
Nelson tow 26/04/21 (1),Great Chagos Bank,Nelson Island,Day
Pass tow 22/04 (1),Salomon,Passe,Day
Pass tow 22/04 (2),Salomon,Passe,Day
Pass tow 22/04 (3),Salomon,Passe,Day
passe_plank_day,Salomon,Passe,Day
Passe plank day,Salomon,Passe,Day
eagle_plank_night1,Great Chagos Bank,Eagle Island,Night
Eagle night 1,Great Chagos Bank,Eagle Island,Night
eagle plank night 1,Great Chagos Bank,Eagle Island,Night
Fouquet n1 22/04 (2),Salomon,Fouquet,Night
Fouquet n2 22/04 (2),Salomon,Fouquet,Night
Fouquet n1 22/04 (3),Salomon,Fouquet,Night
Fouquet n2 22/04 (1),Salomon,Fouquet,Night
Fouquet n2 22/04 (3),Salomon,Fouquet,Night
Fouquet n1 22/04 (1),Salomon,Fouquet,Night
Coq night,Peros Banhos,Grande Ile Coquillage,Night
Coq plank night,Peros Banhos,Grande Ile Coquillage,Night
grand_coq_plank_night,Peros Banhos,Grande Ile Coquillage,Night
grand coq plank night,Peros Banhos,Grande Ile Coquillage,Night
Mapou plank night,Peros Banhos,Grande Mapou,Night
mapou_plank_night,Peros Banhos,Grande Mapou,Night
Mapou Night,Peros Banhos,Grande Mapou,Night
sal_anglaise_plank_night2,Salomon,Ile Anglaise,Night
Sal-anglaise plank night 2,Salomon,Ile Anglaise,Night
San Ang night 2,Salomon,Ile Anglaise,Night
Sal ang night 1,Salomon,Ile Anglaise,Night
sal_anglaise_plank_night1,Salomon,Ile Anglaise,Night
Sal-anglaise plank night 1,Salomon,Ile Anglaise,Night
Anglaise night 21/04/21 (2),Salomon,Ile Anglaise,Night
Anglaise night 21/04/21 (3),Salomon,Ile Anglaise,Night
Anglaise night 21/04/21 (1),Salomon,Ile Anglaise,Night
Anglaise n2 21/04 (2),Salomon,Ile Anglaise,Night
Anglaise n2 21/04 (3),Salomon,Ile Anglaise,Night
Anglaise n2 21/04 (1),Salomon,Ile Anglaise,Night
Mid bro night,Great Chagos Bank,Middle Brother,Night
midbro_plank_night,Great Chagos Bank,Middle Brother,Night
mid bro plank night,Great Chagos Bank,Middle Brother,Night
passe_plank_night2,Salomon,Passe,Night
Passe night 2,Salomon,Passe,Night
Passe plank night (B),Salomon,Passe,Night
Passe plank night 2,Salomon,Passe,Night
Passe n1_1804 (3),Salomon,Passe,Night
Pass n2 18/04 (3),Salomon,Passe,Night
Pass n2 18/04 (1),Salomon,Passe,Night
Passe n1_1804 (1),Salomon,Passe,Night
Passe n1_1804 (2),Salomon,Passe,Night
Pass n2 18/04 (2),Salomon,Passe,Night
Passe night 1,Salomon,Passe,Night
passe_plank_night1,Salomon,Passe,Night
Passe plank night (A),Salomon,Passe,Night
passe plank night 1,Salomon,Passe,Night
S Bro Night 1 (2) 20,Great Chagos Bank,South Brother,Night
S Bro Night 2 (2) 20,Great Chagos Bank,South Brother,Night
S Bro Night 2 (1) 20,Great Chagos Bank,South Brother,Night
South Brother_Night,Great Chagos Bank,South Brother,Night
S Bro Night 1 (3) 20,Great Chagos Bank,South Brother,Night
