Atoll,Island,Treatment,Abundance,Island_Area,Density,Seabird_Biomass,Seabird_Biomass_density,Seabird_Biomass_prop,Seabird_Biomass_density_prop
Great Chagos Bank,Eagle Island,Rat-infested,81,265.4,0.3,42.11,0.158666164,41.795,0.157479277
Great Chagos Bank,Middle Brother,Seabird-rich,32275,8,4034.4,11962.854,1495.35675,6088.891333,761.1114167
Peros Banhos,Diamant,Rat-infested,57,89,0.6,36.57,0.410898876,36.57,0.410898876
Peros Banhos,Gabrielle,Rat-infested,NA,NA,NA,NA,NA,NA,NA
Peros Banhos,Grande Ile Coquillage,Seabird-rich,40525,21.8,1929.8,15991.01,733.5325688,9025.15,413.9977064
Peros Banhos,Ile Anglaise,Rat-infested,40,12,2.5,12.24,1.02,12.24,1.02
Peros Banhos,Ile Yeye,Rat-infested,147,64,2.3,37.886,0.59196875,35.706,0.55790625
Peros Banhos,Mapou de Coin,Rat-infested,10,7,1.4,3.06,0.437142857,3.06,0.437142857
Peros Banhos,Moresby,Rat-infested,730,34,21.5,1109.46,32.63117647,1103.265,32.44897059
Peros Banhos,Passe,Seabird-rich,124,23,5.4,123.2,5.356521739,123.2,5.356521739
Peros Banhos,Petite Coq,Seabird-rich,22135,19,1165,8024.65,422.35,4364.65,229.7184211
Peros Banhos,Petite Mapou,Rat-infested,29,1,29,45.258,45.258,45.258,45.258
Peros Banhos,Petite Soeur,Rat-infested,9,50,0.2,2.826,0.05652,2.826,0.05652
Peros Banhos,Poule,Rat-infested,16,108,0.2,5.236,0.048481481,4.178333333,0.038688272
Salomon,Boddam,Rat-infested,66,117,0.6,19.28,0.164786325,18.965,0.162094017
Salomon,Ile Anglaise,Rat-infested,46,71.6,0.6,13.468,0.188100559,13.32266667,0.186070764
Salomon,Passe,Seabird-rich,498,29,17.2,172.984,5.964965517,172.354,5.943241379
Salomon,Sel,Seabird-rich,4,2,2,1.368,0.684,1.368,0.684
Salomon,Takamaka,Rat-infested,522,51,10.2,649.72,12.73960784,644.5116667,12.63748366
Peros Banhos,Longue,Seabird-rich,49758,21.6,2261.7,18830.248,871.7707407,10046.248,465.1040741
Peros Banhos,Grande Mapou,Rat-infested,45,19.5,2.3,28.89,1.481538462,28.89,1.481538462
Salomon,Fouquet,Rat-infested,109,45.4,2.3,57.802,1.273171806,49.33233333,1.086615272
Great Chagos Bank,Nelson Island,Seabird-rich,16346,29,573.5,10140.46,349.6710345,10124.28,349.1131034
Great Chagos Bank,South Brother,Seabird-rich,22432,23,975.3,6842.74,297.5104348,4788.75,208.2065217
